x1,x2,x3,x4,x5,x6,x7,x8,x9,x10,x11,x12,x13,x14,x15,x16,x17,x18,x19,x20,x21,x22,x23,x24,x25,x26,x27,x28,x29,x30,x31,x32,x33,x34,x35,x36,x37,x38,x39,x40,x41,x42,x43,x44,x45,x46,x47,x48,x49,x50,x51,x52,x53,x54,x55,x56,x57,x58,x59,x60,x61,x62,x63,x64,x65,x66,x67,x68,x69,x70,x71,x72,x73,x74,x75,x76,x77,x78,x79,x80,x81,x82,x83,response
0.0013655930602820916,1.0875791490841095e-7,1.0875257268560104e-7,0.0015582968197677203,1.0866105062133614e-7,2.616963163013171e-7,2.615920331489989e-7,0.0009997749448708766,1.0886876606872871e-7,0.0015801426052110493,0.001000311353293916,0.0017957388282953085,1.0868549028986956e-7,1.0871451626971429e-7,0.001558979691935088,1.0882546948943131e-7,2.6161715943775324e-7,0.001480618813481614,2.6159203343997916e-7,0.0018534068387367438,0.0018534068387367438,1.0901259686055363e-7,0.0013655930602820916,0.00019416204433670748,0.0015582968197677203,2.6162228685050956e-7,2.6157048233104137e-7,0.0014879891233521277,0.0014879891233521277,0.0015037428274836638,0.0013002086353782166,2.6169405044098566e-7,NaN,2.6159073628447975e-7,0.0016952406850302272,1.086831241401795e-7,0.0010002560082911257,0.0017956381916949809,0.0015801008410744458,0.0014102913623786164,0.001502114907820453,0.001411064219182506,0.0019292256002030172,1.0901928258666146e-7,0.0016952406771403132,1.0865160120439816e-7,0.001694877216612723,1.0900585544214007e-7,1.0901690681758695e-7,0.0015569817698320777,0.001653323527368903,1.0879518837241275e-7,0.0015575473921909527,1.0869868869578385e-7,0.001330095685189889,0.001330095685189889,0.0013300843078361828,0.0019342298793968526,0.0015584304816319717,1.0875274546335494e-7,0.0007850643488651304,1.08741770197112e-7,1.0868779092817215e-7,1.0874275061643424e-7,1.0892902642998059e-7,0.0014879891233521277,1.0870971901211674e-7,1.0931552930837818e-7,1.0867050087171313e-7,1.089224098213269e-7,0.0013002086679647301,2.616282810181273e-7,1.0871808162498804e-7,1.0869898059591184e-7,1.0875306826024301e-7,0.0020161912563754496,2.617153699610057e-7,2.6161577734532434e-7,0.0015582968197677203,1.0872867273075272e-7,1.0872727697297405e-7,2.616200734560358e-7,1.0865160120439816e-7,positive
0.001126011313094048,0.0012931318935370415,0.0013092232950790148,0.001282176202629594,0.0016044143621168105,0.0005794968763319791,0.001320091510757534,0.0008255323733263474,0.0009740623639991987,0.0012999561315378393,0.0008266579623389301,0.0014732380214233154,0.001525417916373807,0.0014467146969165702,0.0012822758745447307,0.0010557260065411113,0.0013099363198336156,0.0013807896615666583,0.0013200467277054186,0.0016541204620727362,0.0016541204620727362,0.0007359672031311032,0.001126011313094048,0.00016247647698068923,0.001282176202629594,0.0003621132017021234,0.0012763984205756095,0.0013429706005382168,0.0013429706005382168,0.0012376669975239232,0.0010734126776802536,0.0005791165160474907,3.978328609593918e-7,0.0013465938002604635,0.001391546990140818,0.0015584293252189408,0.000826636739860625,0.0014731943737396895,0.0012999571425327447,0.0011635056770882648,0.0012364779687577666,0.0011638958780761566,0.0015799861109139133,0.0007227453926649523,0.0013915470315112473,0.0016418933062921858,0.0013912515641434982,0.0007288304643568395,0.00037909452180063803,0.001280829056642293,0.0014947654653209438,0.0011913154408535196,0.001281138020709041,0.001480760111672515,0.0012277574967723334,0.0012277574967723334,0.0012277574863170612,0.0015855483924371683,0.0012823912299708916,0.0013348496853746075,0.000651700026403461,0.0013414289653102616,0.0015457887909808767,0.001370232655625128,0.0008392720807051099,0.0013429706005382168,0.0014509185185207993,0.00038094186130056547,0.0015549611123424532,0.0008222058239074968,0.001073412682275146,0.001389276562507676,0.0014912782266097765,0.0015186490974053598,0.0013319522351867047,0.001651643011668487,0.0005830300169671472,0.001309128111926712,0.001282176202629594,0.0013980081721101363,0.0014192536576037047,0.0003572923983480121,0.0016418933062921858,negative
0.0012113069655787369,1.9516852696684575e-7,1.9515899352963618e-7,0.001379971206069437,1.9513851351183614e-7,1.178497899031175e-6,1.0221966071129775e-6,0.0008894137943615793,1.951561805461009e-7,0.0013992857323376902,0.0008902193665823759,0.001587057590761483,1.9513799452082676e-7,1.9516296225659622e-7,0.001380738492446362,1.951495768348794e-7,1.022227941197964e-6,0.0014597343212462998,1.022196608085586e-6,0.0017519631673971285,0.0017519631673971285,1.9515837920529702e-7,0.0012113069655787369,0.0001747597812016835,0.001379971206069437,1.3286196129599393e-6,1.0205340936275169e-6,0.0014181162685989307,0.0014181162685989307,0.0013321937467004519,0.0011545934808004574,1.1784903682361054e-6,NaN,1.02219336792085e-6,0.0014990497339043487,1.9515584353850886e-7,0.0008902066645866709,0.001587035783434086,0.0013992732146825926,0.001252132904310152,0.0013313830363543252,0.0012527276600905355,0.001702436192299929,1.9516204681158525e-7,0.0014990497787236334,0.0018941945744391044,0.0014988734500526269,1.9514528165820927e-7,1.9512034584632612e-7,0.0013807667991410106,0.0015793920375614934,1.951811569072994e-7,0.0013796556369402167,1.951455246136832e-7,0.0012926322272532832,0.0012926322272532832,0.0012926317421221793,0.0017080875173069968,0.0013802375533892,1.9517797308600252e-7,0.0007017682578633006,1.9515838753262407e-7,1.951541406077837e-7,1.951753698414391e-7,1.951612042411879e-7,0.0014181162685989307,1.9515455867634984e-7,1.9505694461320506e-7,1.9513410292976025e-7,1.9514847780056136e-7,0.0011545934887825092,1.0268239413138327e-6,1.951794537269143e-7,1.9515908922369715e-7,1.9517855022791252e-7,0.001779045834677439,1.1784122278353026e-6,1.02222436743413e-6,0.001379971206069437,1.9516569436295578e-7,1.9517430151513056e-7,1.3286107061420004e-6,0.0018941945744391044,undefined
0.001369264431877945,0.0015504521429548833,0.00154121991672316,0.0015653808734608873,0.0019876501511838607,1.6527915448394696e-7,1.7252603214966858e-7,0.0010032445203398673,0.0011364308951585876,0.0015885504891366238,0.0010031809285661712,0.0018003281082121794,0.0018445444292720706,0.0017753240470790043,0.0015665966504267291,0.0012572662325732904,1.7253345210269896e-7,0.0013871945869601825,1.7252603222839362e-7,0.0017074748313539619,0.0017074748313539619,0.0008755783735284317,0.001369264431877945,0.00019370112961491018,0.0015653808734608873,1.652658249622974e-7,1.7252325868829794e-7,0.0013944099695676487,0.0013944099695676487,0.0015113808026659056,0.0013070308387258425,1.652786590490089e-7,6.212315771947138e-8,1.725256788050248e-7,0.0016945038176971255,0.0018924619775723124,0.0010031553505380035,0.0018006370069292028,0.0015883542674999848,0.00141872598591282,0.0015099739729475066,0.0014178725556934172,0.0019338349314742677,0.0008672013813741561,0.0016945037652866084,0.0017924297322325809,0.0016972015193359676,0.0008716068605008915,0.0004263263118866619,0.0015646818092063999,0.0015337854286329032,0.001435705107216956,0.001564296748808867,0.001750378555774255,0.0012147088815698168,0.0012147088815698168,0.0012147184879544096,0.001938206773904119,0.0015663977219461435,0.0016072880273159114,0.0007909731948894225,0.0015845049337986862,0.001900512206194139,0.0016168862991238534,0.0010156935773878639,0.0013944099695676487,0.0017163982413991954,0.0004761037879559292,0.001931152059957488,0.0010056651245624044,0.0013070308085572965,1.72527349591366e-7,0.0018146212691780683,0.001848977341644761,0.0015723052450376924,0.002021226359157134,1.652854071873081e-7,1.725330769194657e-7,0.0015653808734608873,0.001657020187139301,0.001704645397412041,1.6526534661543728e-7,0.0017924297322325809,positive
0.0013778394057702482,0.0014681370872871374,0.0014772064451435468,0.001575733448404114,0.0019501330400824282,2.321294179697621e-7,2.320891970630125e-7,0.0010077511551515542,0.001080256028112523,0.001597992221909907,0.0010103271021635022,0.001813690493956348,0.0017519320553283939,0.001686965713709847,0.0015745394082152253,0.0012247585847975904,2.320976112868955e-7,0.0014437494192298238,2.3208919715675738e-7,0.0017561133169984508,0.0017561133169984508,0.0008254479061793046,0.0013778394057702482,0.00019263040067561276,0.001575733448404114,2.1848470259782454e-7,2.32082318610309e-7,0.0014304903979904702,0.0014304903979904702,0.00152086519377829,0.001315387253037727,2.321286961581036e-7,1.0827711417679665e-7,2.3208877803451402e-7,0.0017124938915975079,0.001853315118031509,0.0010101991046630018,0.0018136712285535248,0.0015979288990888715,0.0014252355138810041,0.001516354425677374,0.0014238357584020044,0.0019436903922735158,0.0007778585051435948,0.0017124939672045973,2.4549039033762197e-6,0.0017118726571639152,0.0008248201087366719,0.0003931603804337612,0.0015734540670352742,0.0015412571793180375,0.0013743362569139071,0.0015739944364996767,0.0017251743205299649,0.0012845593955460664,0.0012845593955460664,0.0012845534403619061,0.001951485148639676,0.0015759580373006887,0.001491101433439851,0.0007934763300082363,0.0014790248550557166,0.0017768249114604715,0.001536322677168171,0.0009602837209878191,0.0014304903979904702,0.0016770867996085158,0.0004524750830496402,0.001813455749473563,0.0009868632538347901,0.0013153873096169826,2.3210066363586257e-7,0.0016879610624398692,0.0017437291294766098,0.001493756487628145,0.0020310848033408555,2.3213670983901778e-7,2.320971639522284e-7,0.001575733448404114,0.0015618182694388724,0.0016251106407072025,2.1848404241456768e-7,2.4549039033762197e-6,positive
0.0014018187521977227,0.0015667662547784896,0.0015590295463685684,0.001599701833275283,0.00199706361107291,3.891334652305948e-8,3.882510203954598e-8,0.0010247617939987664,0.0011350546382124004,0.001622027027886818,0.0010249484118697264,0.0018372159385213337,0.0018184080159762877,0.0017636135259461766,0.0015987696930715506,0.0011991268594272243,3.882678378367506e-8,0.0014610557671708557,3.882510205578913e-8,0.0017715595504709577,0.0017715595504709577,0.0009001626353338129,0.0014018187521977227,0.00020020011322097552,0.001599701833275283,3.8985437307054756e-8,3.882536543557799e-8,0.0013911370443269557,0.0013911370443269557,0.0015429107664020193,0.0013353469411259897,3.8913234130513114e-8,1.3414258321728715e-7,3.882503332522129e-8,0.0017363150534546157,0.0019268213679907423,0.0010248971175322399,0.001837245678932611,0.0016220043461402005,0.0014485491460256724,0.0015430140036493786,0.0014505688984495831,0.0019744010343192156,0.000888925844035429,0.0017363151260082572,1.162375303950813e-6,0.001735341454841119,0.0008777891458084052,0.0004362905857869013,0.001600508651677292,0.0015770426307974142,0.001417666194472697,0.0016000093983592667,0.0017596244111215949,0.001268671980234161,0.001268671980234161,0.0012686665433923635,0.0019807389685072042,0.0015997731440911328,0.001618931900584599,0.0008106942255529212,0.0016059244502309594,0.0018837972249490526,0.0016518346841991284,0.0010312509994669906,0.0013911370443269557,0.0017554973979545833,0.0004755448373274086,0.001894889667768476,0.0010497139449640726,0.0013353469458904622,3.882322246676536e-8,0.0017919827263923748,0.0018314933638250842,0.0016194619959817274,0.0020646297129977673,3.891566506807841e-8,3.882670825865318e-8,0.001599701833275283,0.0016925538413105356,0.0017341408612546148,3.898533171105734e-8,1.162375303950813e-6,positive
0.0011563691775967218,0.0011159688109194266,0.0011241681143674554,0.00131928147687938,0.0013841503253539983,2.1410643413498516e-6,2.182986670911052e-6,0.0008450586009994077,0.0008617787367467184,0.001334903561269806,0.0008456178789771796,0.0015180775720547216,0.0013076727668957357,0.001254136390438131,0.0013200380864681095,0.0009149005285551232,2.1829822901867255e-6,0.0014328308679310239,2.1829866727623534e-6,0.0017144500160086117,0.0017144500160086117,0.0005984923118590624,0.0011563691775967218,0.00016339371796687203,0.00131928147687938,2.367370943994209e-6,2.1815983663714144e-6,0.0013921282430157198,0.0013921282430157198,0.001273946110960433,0.0011018237681106467,2.141046459830354e-6,2.2541431131419358e-7,2.182979363650653e-6,0.0014309340005063118,0.0013403935082815788,0.0008455695274487051,0.0015159442691453447,0.0013348720588000117,0.0011951161822679412,0.0012725090010202184,0.0011958767657605806,0.0016267512190260539,0.0005793191437320018,0.0014309340331297151,0.0013297381571524827,0.001430196061843502,0.0005880317589305295,0.00030248029532652283,0.0013181536790921405,0.0015478769328603338,0.0010705605968434166,0.0013187834966738442,0.0012230114468936805,0.0012720464984367196,0.0012720464984367196,0.0012720464892557897,0.0016313348769877256,0.0013193334431260545,0.0011453099578388685,0.0006667577796762114,0.0011239318094996525,0.0013969535457010903,0.0011755781668845457,0.0006664402213296586,0.0013921282430157198,0.0012392960354174363,0.000317254646941355,0.0014026104893383577,0.0006983282349240086,0.0011018237812192883,2.186815753073167e-6,0.0013310590095230164,0.001293041896563468,0.0011465089371758444,0.0017009498106531611,2.140606055565878e-6,2.182974376855841e-6,0.00131928147687938,0.0011956743899069022,0.0012328869922623336,2.367349600420799e-6,0.0013297381571524827,positive
0.0015415104408888734,0.001808793573029105,0.0017796034648169942,0.0017524904297900432,0.002296974683259288,0.0007143192938490533,0.0017463900035834998,0.0011249469430129216,0.0013696904326982377,0.001776795168752145,0.0011250622571795457,0.002024366311533382,0.0021248666417759718,0.002046875545517481,0.0017540027288362055,0.0014660903307844313,0.001746393926004242,0.0019151680240474518,0.001746390012897813,0.002297550049581846,0.002297550049581846,0.0010118846867749312,0.0015415104408888734,0.000210949900751449,0.0017524904297900432,0.0004413511019309062,0.001689846418375977,0.0018621721806358275,0.0018621721806358275,0.0016910870344137843,0.001468587726188275,0.0007385335674816343,3.2957691754752835e-7,0.001728656157662713,0.001909312460343523,0.0022043471062619486,0.0011249815498639174,0.002023856155115758,0.0017767084901635618,0.0015945747075184224,0.0016875697833818723,0.0015937657435326131,0.00217191236982708,0.0009880520724747579,0.001909312580373742,0.0024685413392453934,0.0019073466865579696,0.001009171237149072,0.0005046202606833057,0.0017507160821260254,0.0020706538222861537,0.001658430448258286,0.001750311444075434,0.002043011557961705,0.0017012926462071053,0.0017012926462071053,0.0017012926614207056,0.0021804344700087274,0.0017527417076337642,0.0018709917420850829,0.0008759110852798608,0.0018473737089113908,0.0021831626997354326,0.0019162806175131307,0.0012172373249796724,0.0018621721806358275,0.0020286528275191783,0.0005508556846081274,0.002198948840322355,0.0012042002825625065,0.001468588005532508,0.0018282110086899493,0.002064055542408196,0.002128251379340386,0.0018707374434138108,0.0022729635522726293,0.0007302576474376292,0.0017250395916943832,0.0017524904297900432,0.0019627441729666447,0.0020068471067386006,0.0004471800216477643,0.0024685413392453934,positive
0.001237782595194538,5.460092559092882e-8,5.459775332755861e-8,0.0014115716649348695,5.458699970658037e-8,5.167775324966366e-7,4.6408413496262533e-7,0.0009080529958170691,5.460019105735298e-8,0.0014310368197692949,0.0009077699650747905,0.00162224353670156,5.458843814847471e-8,5.4597507566824954e-8,0.0014118062349438628,5.4596382085602265e-8,4.6410361925199477e-7,0.0015389931925923375,4.640841353592963e-7,0.0018397617304003334,0.0018397617304003334,5.460420772447768e-8,0.001237782595194538,0.00017802964158751915,0.0014115716649348695,6.209249636461287e-7,4.6347545000619057e-7,0.001495769834659501,0.001495769834659501,0.0013623425456836613,0.0011798339344155158,5.167746260317604e-7,NaN,4.6408269270947335e-7,0.0015331862211127084,5.459376968461171e-8,0.0009077384884758638,0.0016222212545037517,0.0014310277277265883,0.0012798892715276907,0.0013607785033860355,0.001278950761519837,0.001740544550366615,5.460801273006153e-8,0.0015331862443542978,0.00175441697639346,0.0015330606098142147,5.460018324562214e-8,5.46011782190437e-8,0.0014107499108605573,0.001663060849981448,5.46062110814459e-8,0.0014101364199444644,5.4591536026631657e-8,0.0013680798493320677,0.0013680798493320677,0.001368079848658674,0.0017457470656586725,0.0014115973282423583,5.460395944763386e-8,0.000716568430019962,5.459743792661572e-8,5.45935296517521e-8,5.460300302088626e-8,5.460414334833807e-8,0.001495769834659501,5.459466159461238e-8,5.4588486741738693e-8,5.458628729930488e-8,5.460019480738945e-8,0.0011798339053373868,4.657633042962898e-7,5.4603040990499036e-8,5.459564869616248e-8,5.4604151681500537e-8,0.0018158236249949903,5.167658423633988e-7,4.641020902541363e-7,0.0014115716649348695,5.459905985816684e-8,5.4601891777812584e-8,6.209213627295451e-7,0.00175441697639346,undefined
0.0013089224646233534,3.915091692937588e-8,3.9149212328552305e-8,0.0014931943174199816,3.914309540066361e-8,2.047895712504586e-7,2.014725485683449e-7,0.0009594363382470795,3.915066154091238e-8,0.0015136146952388254,0.0009600997263188378,0.0017196073314805155,3.914403540883553e-8,3.9148977418952526e-8,0.0014932033629274375,3.914847986090479e-8,2.0147970572112874e-7,0.0016309426109601633,2.01472548660368e-7,0.0019530604505528279,0.0019530604505528279,3.9152889804055284e-8,0.0013089224646233534,0.00018839558881238551,0.0014931943174199816,2.0475843179525577e-7,2.0146557005906685e-7,0.0015848922573271716,0.0015848922573271716,0.0014419056853313432,0.0012472000146936642,2.0478878754738116e-7,NaN,2.0147213719778565e-7,0.00162330971143603,3.9146852052108864e-8,0.0009601373753811861,0.0017195995572263766,0.0015135743855567833,0.0013530774953648718,0.0014411216753225046,0.0013532753835066099,0.001844518387948559,3.915535593777748e-8,0.0016233097689583684,1.4566948764872437e-7,0.0016219909888800785,3.915077944059256e-8,3.9151334741085714e-8,0.0014933106710300528,0.0017648429980730608,3.915382771691152e-8,0.0014937076310758395,3.9145762831547175e-8,0.001449296158180513,0.001449296158180513,0.0014492961852181916,0.0018519528845730936,0.0014941573101548355,3.915257189361149e-8,0.0007574790008698314,3.914906559414882e-8,3.914675370945597e-8,3.915207526609263e-8,3.9152972865200194e-8,0.0015848922573271716,3.91474377690174e-8,3.914625209290255e-8,3.914278880517065e-8,3.915089618935997e-8,0.0012472000225643193,2.014844215812508e-7,3.9151983320291986e-8,3.9147935794317226e-8,3.91526752168099e-8,0.0019269308321057076,2.047924200060458e-7,2.0147926483773084e-7,0.0014931943174199816,3.914986796516431e-8,3.915140963825101e-8,2.0475765696298613e-7,1.4566948764872437e-7,undefined
0.001200502837054087,0.0014719766100046926,0.0014761310157676564,0.0013729910208184273,0.0018520456648393924,8.569701112840337e-8,8.568369894837201e-8,0.0008817512828166174,0.0011328507276677053,0.0013920126578308503,0.0008821418782095809,0.0015814690184866452,0.0017232153737312985,0.0016445055703197733,0.0013737314719268236,0.0012274257753241112,8.568696596383933e-8,1.0237300619540923e-6,8.568369898231527e-8,1.0369256087191031e-6,1.0369256087191031e-6,0.0008653314714237095,0.001200502837054087,0.00017158199866942788,0.0013729910208184273,8.568773541237186e-8,8.56811320968004e-8,1.0214227217861648e-6,1.0214227217861648e-6,0.0013249164558280203,0.0011480531895054853,8.569675857162209e-8,4.559424307245703e-8,8.568354721055431e-8,0.001491653833131005,0.0017885749946815672,0.0008833807789297742,0.0015806778137625866,0.0013941357589473044,0.001243931343355367,0.001323232822916548,0.0012427910116446712,0.0016988128283000792,0.0008647845881947303,0.0014916539544496364,2.3943731769556285e-7,0.0014929893807383331,0.0008625432285915421,0.0004479079388443114,0.0013725512641701134,1.0296686486044925e-6,0.0013771667954901611,0.0013745205760583446,0.0016796527889998882,1.0143198156488255e-6,1.0143198156488255e-6,1.0143198148764102e-6,0.0017034236934785586,0.001373267201611527,0.0015164724480092125,0.0006944457217740283,0.0015140593335250863,0.0017597363904877036,0.001557900810942335,0.0010135309321725294,1.0214227217861648e-6,0.0016474749369938134,0.0005148517638927972,0.0017902175118693227,0.00101114073044888,0.0011480531901658217,8.568808631157989e-8,0.0016761103424078458,0.00171475109397784,0.0015215014270714066,0.0017747652936102247,8.570053463071397e-8,8.568680431771033e-8,0.0013729910208184273,0.0015931328392168708,0.0016177430895889145,8.568749145275465e-8,2.3943731769556285e-7,positive
0.0013652540881771212,3.0192544606103497e-7,3.0191078361077144e-7,0.0015626350899097996,3.018784723245404e-7,2.021509389984352e-8,2.3189255370198147e-8,0.0010020454595248318,3.019071372640194e-7,0.00158432395748262,0.0010036193377920806,0.0018031041327148006,3.0187801216238833e-7,3.0191656918643083e-7,0.001563298122415303,3.0189664991655237e-7,2.3190214196211374e-8,0.0016901475197582203,2.3189255379021325e-8,0.002032992562180754,0.002032992562180754,3.0191117393621514e-7,0.0013652540881771212,0.00019333699792282652,0.0015626350899097996,2.0214034219191374e-8,2.3188618817150684e-8,0.0016416655892177122,0.0016416655892177122,0.001507638866296873,0.0013032708478051792,2.0215040530924724e-8,4.683338318246939e-8,2.318921592774005e-8,0.00169933459526833,3.0190533674902796e-7,0.0010035767517523754,0.0018053116535822699,0.0015842890265448948,0.0014163231327559108,0.0015063504733027764,0.0014171095142525366,0.001935610013816125,3.019173710983589e-7,0.0016993347203641833,1.7990157954463708e-7,0.0016983587029666266,3.018911000955484e-7,3.018545749300403e-7,0.0015638187741443142,0.001832237265673832,3.0194509242963974e-7,0.001561843692048261,3.018897149091235e-7,0.0015022870322905168,0.0015022870322905168,0.0015022869586654747,0.0019432597177816235,0.0015627400689770202,3.0193995556704087e-7,0.0007866158190967267,3.019098337862915e-7,3.0190278579095996e-7,3.0193593816532013e-7,3.019153338504752e-7,0.0016416655892177122,3.019036328728836e-7,3.0175891767934696e-7,3.0187184633400866e-7,3.018958221520184e-7,0.0013032708651858264,2.3190303829526786e-8,3.0194194477834834e-7,3.019104951980453e-7,3.0194084323737643e-7,0.0020257210389602884,2.021627515298015e-8,2.319017234941359e-8,0.0015626350899097996,3.0192090157656075e-7,3.019341372822595e-7,2.021398400355714e-8,1.7990157954463708e-7,positive
0.001157482229269771,0.0014007573397583075,0.001404876300321529,0.0013187642786309443,0.0017612549157286568,7.567683829168994e-7,6.611037855687188e-7,0.0008448079060730898,0.0010713471125514244,0.0013369170836610633,0.0008473249196853182,0.0015153470327385382,0.001623116569736,0.0015568256752918831,0.0013198408791420132,0.0011589702516882538,6.611220505169715e-7,0.0014309137148274878,6.611037860022463e-7,0.0017181283098149122,0.0017181283098149122,0.0008148732007542131,0.001157482229269771,0.00016471898014259827,0.0013187642786309443,7.518057021920671e-7,6.610815067439349e-7,0.0013903111359288033,0.0013903111359288033,0.0012729995244379296,0.001102020276705652,7.567633332387936e-7,6.612732996120671e-7,6.611018475676991e-7,0.0014299461816102872,0.001697012148912857,0.0008472901233125156,0.0015152675382824772,0.001336905792695881,0.0011966675982469294,0.001272344280770383,0.0011970487936304318,0.0016285012919163985,0.0008051274894837039,0.0014299462970846835,6.611224485817681e-7,0.0014318584180084877,0.0008205833982145249,0.0004167869133424474,0.00131803132089648,0.001547890830147761,0.0012941010771939307,0.001318711709575251,0.001578582216017502,0.001273349033440852,0.001273349033440852,0.0012733491540695891,0.001633892261312385,0.0013188096479486047,0.001440132208225585,0.0006653514010905113,0.0014464549058116655,0.001666321469011054,0.0014756241369113035,0.0009420124678015049,0.0013903111359288033,0.0015545442879987212,0.0004647490257179349,0.0016911798979511465,0.0009537271937931938,0.0011020202797135475,6.611283527967425e-7,0.0015866960313242902,0.0016259852445181132,0.0014436319411074527,0.0017010734986392607,7.56709219961576e-7,6.611200926274085e-7,0.0013187642786309443,0.0014992607988724386,0.0015197495663284385,7.518006067758271e-7,6.611224485817681e-7,undefined
0.0011730183638728109,0.0011753028599641615,0.0011677551099527627,0.0013325653130296594,0.0015460851339542754,8.703993074906757e-7,7.811153739604174e-7,0.0008595446885486867,0.0008546002528399283,0.0013510391413172995,0.0008605684183659411,0.0015337353511637656,0.001379182996726063,0.001321959333371018,0.0013327228808933458,0.0009725872978990548,7.81141643590948e-7,0.001439197981994609,7.81115374604478e-7,0.001725543498137057,0.001725543498137057,0.0006495782526662249,0.0011730183638728109,0.00016807957148270893,0.0013325653130296594,8.519910758155977e-7,7.806149856615448e-7,0.001398124843091071,0.001398124843091071,0.0012860570399423942,0.001117991094304988,8.703934662326477e-7,NaN,7.811128459704024e-7,0.0014478023392375055,0.0014614283267886396,0.0008605583891954495,0.0015336998376021902,0.0013510210763437603,0.001211332485939041,0.0012871820479255622,0.0012112457246577415,0.0016458596743286762,0.0006613819008270788,0.001447802165094494,0.0017986715656927736,0.0014490841373567729,0.0006545022118686929,0.000315246279241356,0.0013328704702451435,0.001557866477513289,0.00109021108906596,0.0013330253051484493,0.001339942098603821,0.0012765730203839498,0.0012765730203839498,0.0012765730173761522,0.0016518398351478979,0.0013326220403241133,0.0012561146221325141,0.0006771643226579095,0.0012063133926047086,0.0014275203501901623,0.0012495789589963436,0.0007336593743619848,0.001398124843091071,0.0013561066649401198,0.0003625475112960092,0.0014415716705173706,0.0007392385993685755,0.0011179910945217245,7.824724675817258e-7,0.001412010045915351,0.001389697889980877,0.001256231442779473,0.001720121629103282,8.703374923993841e-7,7.811388204515499e-7,0.0013325653130296594,0.0013175652013475221,0.0013208744350833492,8.519854925341768e-7,0.0017986715656927736,negative
0.0011933278642760332,2.1577902302859217e-7,2.1576761635185252e-7,0.0013607965290859461,2.1324261983545043e-7,0.0005329285585755138,2.3335947169996275e-6,0.0008745129539638682,2.157604763155797e-7,0.0013795858525016168,0.0008742856094469137,0.0015641494028787839,2.1574512035239468e-7,2.1577412393643874e-7,0.0013609038897225904,2.157543974792067e-7,2.3336733217926266e-6,0.001459681402504168,2.333594720530765e-6,0.001746769142500559,0.001746769142500559,2.1575944679133362e-7,0.0011933278642760332,0.000171934373918928,0.0013607965290859461,0.00037467685990431616,2.3244194427150306e-6,0.001419238920136369,0.001419238920136369,0.0013132133574438693,0.001137482794988876,0.0005329287809193505,NaN,2.333587000436219e-6,0.0014785254047111618,2.1326162426010588e-7,0.0008742875945881691,0.0015641114356181609,0.0013795766955876409,0.001233451937400727,0.0013128572447212634,0.001233823851615844,0.0016784221253960882,2.1576085958595988e-7,0.0014785254296783383,0.001783969296777654,0.0014770951259205404,2.1574339871815163e-7,2.1570329726200159e-7,0.0013589248493812043,0.0015817662034274585,2.1579290773678739e-7,0.0013605552945320583,2.157534538740237e-7,0.001293835171796453,0.001293835171796453,0.0012938344506348417,0.0016843782953523722,0.001360820632352739,2.157904353119826e-7,0.0006914996898561374,2.1576701024628884e-7,2.1576475100124588e-7,2.1578741664598393e-7,2.1576390802331584e-7,0.001419238920136369,2.157641321233718e-7,2.156177047735851e-7,2.1323668888751607e-7,2.1574835608703653e-7,0.0011374828006941715,2.3597344578135845e-6,2.1579379444864977e-7,2.1577013541505514e-7,2.1579112550066027e-7,0.0017543299132352324,0.0005849501579288477,2.3336646609254706e-6,0.0013607965290859461,2.157766667612684e-7,2.157869944284387e-7,0.0003745554269092153,0.001783969296777654,negative
0.001230559704638299,0.001220410062438309,0.001218027739659286,0.0014021000527736928,0.0015176748913029816,0.0005164466168948651,0.0012260024373810744,0.000904217976099482,0.0009297233782908758,0.0014217697953429718,0.0009041299716989113,0.0016127665274811472,0.0013637722759155253,0.0013524180327860358,0.0014026291051942516,0.0009811648814691378,0.001231115936153372,0.0015216108040265884,0.0012260072159915876,0.0018191050024648117,0.0018191050024648117,0.0006943799402955118,0.001230559704638299,0.00017717918356790363,0.0014021000527736928,0.0003729486350868117,0.0012236142113500746,0.0014785281664715948,0.0014785281664715948,0.0013536270673667962,0.001172847268474259,0.0005152841970298971,9.876310650830138e-8,0.0012278212675352388,0.0015233695020821145,0.0014828915467971688,0.0009041141998625858,0.0016127353737559118,0.001421753300169641,0.0012728867789604593,0.0013537068377956648,0.00127294006324834,0.0017301933260453627,0.0006823572139072127,0.001523369546601381,0.0018099855703097236,0.0015239077747278566,0.0006717583552541603,0.0003406449444474298,0.001403084144531416,0.0016428782568465804,0.0010950799676504018,0.0014028105735851167,0.001336486058333202,0.001352117339661015,0.001352117339661015,0.001352117335425744,0.0017372208757555612,0.0014021516990093872,0.0012675134494738664,0.0007133411451943426,0.0012300610721113323,0.001464910187185495,0.0012500949484403902,0.0008059831978857917,0.0014785281664715948,0.0013374876253332353,0.0003683192170267185,0.001441524405683675,0.0007841771344498288,0.001172847270680267,0.0013289183812261057,0.001391054420246307,0.0014104727981115678,0.0012402543184971287,0.0018080683146450079,0.0005187262448094007,0.0012324442734412927,0.0014021000527736928,0.0012945254133777694,0.001332170622255435,0.00036336521808262774,0.0018099855703097236,negative
0.0013924301362143662,0.0014790237310659128,0.0014787376853485977,0.0015863891780624488,0.0018523878181580101,4.909458905017301e-7,4.38422928973948e-7,0.0010233101138781456,0.0010961129401856353,0.0016082543422419387,0.0010238247564608512,0.001823238781276864,0.0017810075815394967,0.0016499569228338067,0.0015865901219658397,0.00119243902769331,4.3844009943440306e-7,0.001710808000396195,4.384229292843871e-7,0.0020492540290841773,0.0020492540290841773,0.0008166184192425251,0.0013924301362143662,0.00020168484755763306,0.0015863891780624488,5.713785434262968e-7,4.381936433976519e-7,0.0016637312969899148,0.0016637312969899148,0.0015312203658895236,0.001328412624954396,4.909430526150364e-7,9.694581202070465e-8,4.3842169513700375e-7,0.0017225067739514814,0.00179473856297802,0.001023814986762859,0.0018234224311036793,0.0016082442711828253,0.0014385567566158452,0.00153188525540001,0.0014404908686485069,0.0019552108932934767,0.0007958701519736186,0.0017225069950741053,0.0018096504346731303,0.0017221544278327775,0.0008079719479518836,0.00038789604511081595,0.001587623164828501,0.0018509600380738496,0.0013744284656187317,0.0015864021853249147,0.0016596831049210852,0.0015202536592165963,0.0015202536592165963,0.001520253703743371,0.0019627211856372306,0.0015864172344152887,0.0015181952049187738,0.0008080954929181987,0.0014883105952937861,0.0017594348815962505,0.001553226466333003,0.0009633067640361562,0.0016637312969899148,0.0016378715323887095,0.000432636436802928,0.0017691778108753964,0.0009151391329232291,0.0013284126274004278,4.390520422940202e-7,0.001724148542702655,0.001717719674759713,0.0015182515573736656,0.0020427106674886014,4.909349358892476e-7,4.384386586907169e-7,0.0015863891780624488,0.0016274769208541474,0.0016228102415431673,5.713751711546565e-7,0.0018096504346731303,undefined
0.0012381172215850922,0.0014654051197672323,0.0014626556102711784,0.0014123621437591727,0.001841791137392584,NaN,NaN,0.0009098119498467413,0.0011057905988526118,0.0014318872303161994,0.0009103248210849407,0.0016244986971811837,0.0017130712791544116,0.0016338159042444803,0.0014124080241018086,0.0012014776476513016,NaN,0.001447078553882536,NaN,0.0017496550589877658,0.0017496550589877658,0.0008495916051769025,0.0012381172215850922,0.0001783536231512535,0.0014123621437591727,NaN,NaN,0.0014062854712705492,0.0014062854712705492,0.0013627088314399575,0.001180718697700561,NaN,NaN,NaN,0.0015326690738195715,0.0017757737426772804,0.0009105931693056305,0.0016244859779659163,0.0014318848143718916,0.0012801517860113166,0.001362099859340331,0.0012801516317735503,0.0017423742232791795,0.0008396029200706098,0.0015326700861578943,0.001854611777013417,0.0015342309554893048,0.0008407964044450376,0.0004274095424496126,0.001411649028570297,0.001581259348145268,0.0013443874091394574,0.001412297751104041,0.0016613738920592132,0.001281084231939959,0.001281084231939959,0.0012810588190670733,0.0017493480252062077,0.0014123070582981224,0.001506898976341388,0.0007170387578399141,0.0015070454198147167,0.0017495272752061338,0.0015446235531019728,0.0009934514168656,0.0014062854712705492,0.001638223658571279,0.0004847902579408406,0.0017770833522471195,0.0009917686841146695,0.0011807187924572377,NaN,0.0016709609393628943,0.0017010592838421089,0.0015070357478311229,0.0018226593800433407,NaN,NaN,0.0014123621437591727,0.0015833448939752894,0.0016133434361100827,NaN,0.001854611777013417,undefined
0.001458739299060124,1.7963784051490372e-7,1.796291462055756e-7,0.0016660948315461036,1.7960736991927789e-7,1.803085150083643e-7,1.795992337051868e-7,0.0010709961510761165,1.7962911444406257e-7,0.0016881922709960444,0.0010717119320212414,0.001919625466990284,1.796081865163373e-7,1.796315592232965e-7,0.0016665717124224751,1.796218278043681e-7,1.7960575712620684e-7,0.001819123348051283,1.7959923378080123e-7,0.002179655719067569,0.002179655719067569,1.7963353288121017e-7,0.001458739299060124,0.00020880297159298587,0.0016660948315461036,1.8028870001607378e-7,1.7959360335136166e-7,0.0017662082216605736,0.0017662082216605736,0.0016073320369718736,0.0013950076957479644,1.8030791558695882e-7,4.692064877905672e-8,1.7959889568915327e-7,0.0018138711693780588,1.7962398981340892e-7,0.0010717591883860672,0.0019185669387743118,0.0016881198610656251,0.001509370982037298,0.0016071311244681653,0.0015089994488029668,0.0020615180653636325,1.7963907062004035e-7,0.0018138607204103625,0.002268310924981271,0.0018113282810753822,1.7962186864754665e-7,1.8028817003566365e-7,0.0016645022042630613,0.0019670246249627547,1.7965019301395313e-7,0.0016654498514376169,1.796155291351773e-7,0.0016153365250513422,0.0016153365250513422,0.001615336623481426,0.002067682800462721,0.0016661722515608074,1.7964639613803267e-7,0.0008438512868426931,1.7962852959086743e-7,1.7962269483683583e-7,1.796439719486428e-7,1.7963548337800022e-7,0.0017662082216605736,1.79623850359085e-7,1.8023721248854224e-7,1.7960395006297695e-7,1.7962411813228884e-7,0.001395007628326721,1.7960869893460474e-7,1.7964665706915203e-7,1.7962758307911785e-7,1.7964692262778435e-7,0.0021544760619066445,1.803133988714042e-7,1.7960539586528762e-7,0.0016660948315461036,1.7963455775701644e-7,1.796423999183428e-7,1.8028811433865867e-7,0.002268310924981271,undefined
0.0013208935489135525,5.53816941067934e-7,5.537867057427708e-7,0.0015063670268421806,5.537602287827027e-7,2.293929413514447e-7,2.292930232897343e-7,0.0009655156489446682,5.53746363413205e-7,0.00152730669978725,0.0009656685463550379,0.0017371123007371902,5.537425701694607e-7,5.538142730788939e-7,0.0015067848782494477,5.537411103166545e-7,2.293165914674972e-7,0.0016328411868463625,2.2929302356300837e-7,0.0019624112695237933,0.0019624112695237933,5.565582467633534e-7,0.0013208935489135525,0.00018723235105096348,0.0015063670268421806,2.2932510166791033e-7,2.2927281897214738e-7,0.001585633715449185,0.001585633715449185,0.0014537206198773078,0.0012566403141967618,2.2939080964178192e-7,6.026858582856293e-8,2.2929180398410674e-7,0.0016414707182738919,5.538050665569709e-7,0.0009656029076112967,0.0017370062001772924,0.0015272832313237548,0.0013652545311234614,0.0014553591833840395,0.0013669086234770495,0.0018588670940053033,5.565424086734109e-7,0.0016414707143643644,3.7591407028632697e-7,0.0016410696094725746,5.565125647938246e-7,5.56348205139502e-7,0.0015079778000080557,0.0017652505042353832,5.538466506295704e-7,0.0015079903167234273,5.537605438403825e-7,0.0014525943992288247,0.0014525943992288247,0.0014525943912401483,0.0018675313267289338,0.001506440009247423,5.538476262120686e-7,0.0007621941481174904,5.53785580024154e-7,5.537964488596222e-7,5.53839992891263e-7,5.537401218059299e-7,0.001585633715449185,5.537881809744956e-7,5.560507759402236e-7,5.537387636893467e-7,5.536967637367914e-7,0.0012566403347798716,2.2932692329393243e-7,5.538658412796119e-7,5.538074976203007e-7,5.538494546146243e-7,0.001943880508862454,2.2941067379624093e-7,2.29315291686202e-7,0.0015063670268421806,5.538166375278584e-7,5.538440257368778e-7,2.29323020930846e-7,3.7591407028632697e-7,positive
0.001309796882262185,3.437081809883189e-7,3.4369104066114e-7,0.0014934438660401087,3.436596784131481e-7,1.2208625505508332e-7,1.2206463692344694e-7,0.0009555484369573088,3.4519944260493625e-7,0.001511690515975527,0.000959877524307398,0.0017179456897361087,3.4365648001521677e-7,3.4370031125022185e-7,0.0014954827234134414,3.451896861116605e-7,1.2206924779626878e-7,0.0016167619252285517,1.2206463697188391e-7,0.0019452612644552743,0.0019452612644552743,3.451992157028248e-7,0.001309796882262185,0.0001862791114114886,0.0014934438660401087,1.1860042913915966e-7,1.2206103855471222e-7,0.0015685984706212135,0.0015685984706212135,0.0014422383396837293,0.001247828850381737,1.2208589273320263e-7,NaN,1.220644203938013e-7,0.001620065162295127,3.436894110473634e-7,0.000959398979818499,0.0017193157866385216,0.0015116426715715801,0.001353583849397869,0.0014397154234930827,0.0013531569928879345,0.0018451860268881033,3.452020262043146e-7,0.001620065409144929,5.070498420873614e-7,0.0016179038204903356,3.4517499568758066e-7,3.4511818041104267e-7,0.0014915996887501584,0.0017540960763991868,3.4524765822887383e-7,0.0014921739911050085,3.436691840363648e-7,0.0014388761923854222,0.0014388761923854222,0.0014388761812186828,0.0018520830293056127,0.001493591681520529,3.437252780375302e-7,0.0007542207072070494,3.4369007107935584e-7,3.436858906973572e-7,3.437206949523452e-7,3.452054232762625e-7,0.0015685984706212135,3.436852787313353e-7,3.44990340058407e-7,3.4365068825840544e-7,3.4518194567254907e-7,0.0012478288694476847,1.2207068389602954e-7,3.437298680053208e-7,3.4369413212199623e-7,3.437263155012681e-7,0.0019262583538687701,1.2209108871712775e-7,1.2206901705329257e-7,0.0014934438660401087,3.4370433037586105e-7,3.437198263215744e-7,1.1860001994506112e-7,5.070498420873614e-7,positive
0.0013888251302411501,1.7831950065698042e-7,1.7831138717130732e-7,0.0015880378641716228,1.7828741998483864e-7,2.2907340987510026e-7,2.2903736001408263e-7,0.0010155136577950554,1.7831431271161568e-7,0.001613970166164164,0.0010189922805521883,0.0018323871898382974,1.782897093570916e-7,1.783122252667107e-7,0.001592570656152309,1.7830602097867203e-7,2.2904564292703412e-7,0.0017281639873591506,2.2903736010666199e-7,0.0020799727610227017,0.0020799727610227017,1.7832123333666402e-7,0.0013888251302411501,0.0001950749899489384,0.0015880378641716228,2.15302484157997e-7,2.2903048183333476e-7,0.0016783436376576206,0.0016783436376576206,0.0015360415192916727,0.0013178102113713635,2.2907269590524498e-7,2.9968856428390714e-8,2.2903694615360342e-7,0.0017287303182120452,1.7830390094802692e-7,0.0010190003188246227,0.001832631628642488,0.001613948061243491,0.0014390118882670784,0.001530755717229822,0.001437279973644812,0.0019671268590449515,1.7832903099171225e-7,0.0017287303552120312,5.190566157159299e-7,0.0017279734306716401,1.7831068762874315e-7,1.7830338148870454e-7,0.001586079285156371,0.00187379623179402,1.78332003368649e-7,0.0015874176631056893,1.7829712551654317e-7,0.0015275241520385406,0.0015275241520385406,0.0015275241753733798,0.001974443096350316,0.0015880359744518478,1.7832742370120225e-7,0.0007985634747799338,1.7831074796558034e-7,1.7830299248783063e-7,1.7832511129782844e-7,1.7832235624688596e-7,0.0016783436376576206,1.7830498132749324e-7,1.7826535543415905e-7,1.7828494185960496e-7,1.7831204447820157e-7,0.0013178102440789708,2.2904891105089564e-7,1.7832639044146994e-7,1.7830799710585792e-7,1.7832791521429083e-7,0.0020609815228921674,2.2908050924889336e-7,2.2904520106796424e-7,0.0015880378641716228,1.783156227301031e-7,1.7832293508579952e-7,2.153014934560023e-7,5.190566157159299e-7,positive
0.0014864800969364906,3.490124809403117e-6,3.4898113712181642e-6,0.0016923900897337586,0.001906467106656757,0.0007032465318461634,0.001602255551691329,0.001090873296293785,0.00115397586109526,0.0017161489521449259,0.0010914006970465953,0.001945045149262958,0.00177393064862327,0.0017211981729368428,0.0016933569520306004,0.0012661666530067288,0.0015891562987517115,0.0018328166597424863,0.0016029093502407984,0.002193240707599068,0.002193240707599068,0.0008618032018496541,0.0014864800969364906,0.00021509310083175651,0.0016923900897337586,0.00043509303675909187,0.001576230077500425,0.0017813594289298482,0.0017813594289298482,0.0016333123617853838,0.0014174564388686546,0.0006970408769548108,NaN,0.0015989081967861568,0.0018377402412393005,0.0018502588458336141,0.0010913979696502672,0.0019450722296851975,0.0017161339381667722,0.0015359444927658332,0.0016336789435519672,0.0015361034487482482,0.002085615206890364,0.000879979863325209,0.0018377406155836186,1.1351181419531344e-6,0.0018376262388877349,0.0008670465101589429,0.00041551440181408365,0.0016925124484187268,0.001981040538637945,0.0014655818066356262,0.0016929455585695452,0.0017424981893441956,0.001628631208116195,0.001628631208116195,0.0016286312078361467,0.002093200379545824,0.0016928432038187736,3.5126996217346e-6,0.0008623787318504787,3.512054600437492e-6,0.001807700334171962,0.0016608063155535589,0.0010293406140020034,0.0017813594289298482,0.0017210524687037041,0.00047532903794359973,0.0018364729101368032,0.0010146939099421092,0.0014174564414461412,0.0017632888301249592,0.0017452915065466529,0.0017791824414979856,3.5127181066429968e-6,0.0021798471284819806,0.0006775316345768498,0.0015893556550722469,0.0016923900897337586,0.0016837086610183548,0.0017037176863839707,0.000435693941027637,1.1351181419531344e-6,undefined
0.0010326235770123592,2.5337921784735194e-7,2.533639211201461e-7,0.0011779934684480243,2.53268385185362e-7,2.5367901644403427e-7,2.532979681639334e-7,0.0007512333964342311,2.5345209023653934e-7,0.0011962618976200064,0.0007547426010323132,0.0013539715284397553,2.532867199788569e-7,2.5333861718238946e-7,0.001182326736368267,2.534109621865672e-7,2.5330883887437163e-7,0.0012775419129896633,2.5329796829801246e-7,0.0015342247334113642,0.0015342247334113642,2.5356927750579237e-7,0.0010326235770123592,0.0001453468782901731,0.0011779934684480243,2.539042405167974e-7,2.532951472577525e-7,0.0012410873213568355,0.0012410873213568355,0.001136533470096261,0.0009826437585717506,2.536779751551813e-7,1.048570844775996e-7,2.532973758236678e-7,0.001276529418765126,2.533056433075874e-7,0.0007546843345331523,0.0013537684585263972,0.0011962179989580461,0.0010685052106950575,0.0011374778495062074,0.0010695064520639121,0.0014530053754307972,2.5357601870332574e-7,0.0012765295750088246,0.0013645327074403057,0.0012740360938977174,2.5354855680010366e-7,2.53896331508434e-7,0.001179242476358256,0.0013830212067410664,2.5342306159488764e-7,0.001179919037635977,2.533057122893434e-7,0.0011355313248550866,0.0011355313248550866,0.001135531305864563,0.0014614632424813669,0.0011798918402870279,2.5338585959457047e-7,0.000594591134169745,2.533544228761029e-7,2.53307286819373e-7,2.53374709033043e-7,2.535045934759923e-7,0.0012410873213568355,2.5332509810795484e-7,2.5370104028258773e-7,2.5327059691623695e-7,2.5348438936752654e-7,0.0009826437643349311,2.5329518220960123e-7,2.5336029482421043e-7,2.533218171289631e-7,2.533867840835962e-7,0.0015209715194021715,2.53685219740594e-7,2.533082143409547e-7,0.0011779934684480243,2.5335280855782996e-7,2.533614827780923e-7,2.539032232853683e-7,0.0013645327074403057,negative
0.0010806773692476359,2.0099842907485482e-6,2.0097958371683942e-6,0.0012378236761262833,2.0168320039849367e-6,1.6077654144221364e-6,1.6144945958759288e-6,0.0007899396542945597,1.9994730701586806e-6,0.0012571282828218776,0.0007921625213115961,0.0014250157603829467,2.014500546188905e-6,2.0135945419738453e-6,0.0012402504590735219,2.0027155367762823e-6,1.6145163246567528e-6,0.0013247332743716305,1.6144945969981574e-6,0.0015801345399181653,0.0015801345399181653,1.9884854190341602e-6,0.0010806773692476359,0.00015063812436439902,0.0012378236761262833,1.6021503110094893e-6,1.6143128779095874e-6,0.00128730835790279,0.00128730835790279,0.0011893866640018923,0.0010268648892117747,1.6077541128853985e-6,NaN,1.614489579297436e-6,0.0013432425140972822,2.0160115305132295e-6,0.0007921148558676745,0.0014248905217407086,0.0012565448569281244,0.0011170349469860738,0.0011918853480346898,0.001119246525708913,0.0015311831516457489,1.988033252365791e-6,0.0013432420075593886,0.0017311821827796126,0.0013414664443307774,1.988172809244347e-6,2.1951583969088833e-6,0.001234468542743439,0.0014338308223847598,2.007495627942676e-6,0.0012300460252123821,2.013805017257195e-6,0.0011715810307902582,0.0011715810307902582,0.001171584356205699,0.0015389726157204987,0.001238161779847329,2.0111169707738942e-6,0.0006199994548924996,2.0107303822039392e-6,2.0154514641856854e-6,2.0118413730975985e-6,1.9948845349206106e-6,0.00128730835790279,2.0134379898429347e-6,2.2032125687299076e-6,2.0156277069281255e-6,1.9945848658227027e-6,0.0010268647587973368,1.6148856451448546e-6,2.0144380324757814e-6,2.014761609504512e-6,2.0111283864700537e-6,0.0016013578619693896,1.607545914586247e-6,1.6145108475568602e-6,0.0012378236761262833,2.0124694128627444e-6,2.0132069920219305e-6,1.6021386741788669e-6,0.0017311821827796126,positive
0.0011662385658730806,1.4763808456963308e-6,1.476245589191061e-6,0.001329681691691126,1.481386247367797e-6,0.0005179370745659661,7.338512589558874e-6,0.0008544165838345222,1.6502298702125447e-6,0.001348266064597502,0.0008571539389205016,0.0015328923276666374,1.4795865173480965e-6,1.4789020009608e-6,0.0013312291799158615,1.6540471963175483e-6,7.3386263520586784e-6,0.0013667769028405084,7.338512602642488e-6,0.001661423640671152,0.001661423640671152,1.6379432631462025e-6,0.0011662385658730806,0.00016685392055599134,0.001329681691691126,0.00033143582171371415,1.5268592556862153e-5,0.0013363560639900497,0.0013363560639900497,0.0012834739242291973,0.0011146333244225863,0.0005179373294764496,NaN,7.338477940355792e-6,0.0014465369896063535,1.4807239119435097e-6,0.000857206838418464,0.0015328326698385332,0.001348223203855162,0.001205867452690406,0.0012810220384710104,0.00120600962397744,0.0016450239463001385,1.6376463098746273e-6,0.0014465356402983973,0.001859116026876211,0.0014459440568760822,1.6376861836354212e-6,1.60795915683418e-6,0.0013295454915846442,0.0015012825258763636,1.4747604217587964e-6,0.0013276762839543696,1.4790687207371728e-6,0.0012086941574426771,0.0012086941574426771,0.0012086937074528958,0.0016514954080943472,0.0013298132579725268,1.4771638281237798e-6,0.0006712142425647854,1.4768869496376608e-6,1.4802943949353044e-6,1.4776699096116597e-6,1.64506007626401e-6,0.0013363560639900497,1.4787892173232389e-6,1.6119307330681433e-6,1.480445007259431e-6,1.6448138063289836e-6,0.0011146333320190302,4.775654539111887e-6,1.4795240528047726e-6,1.479768656254792e-6,1.4771719700517353e-6,0.0017206867829463559,0.0005179435896995744,7.3385866273380655e-6,0.001329681691691126,1.4780980381064222e-6,1.478631713399773e-6,0.00033354617315151244,0.001859116026876211,positive
0.0009057917553874468,2.8646191082905206e-7,2.8644377192929603e-7,0.0010323554462127703,2.8642742507037047e-7,1.2555403124457697e-7,1.250483543862988e-7,0.0006649707730484516,2.864192292936242e-7,0.001045648356874277,0.0006642552907538446,0.0011894464198053283,2.864171461354198e-7,2.864602702710209e-7,0.0010322589193199846,2.864159220104514e-7,1.2505281181717038e-7,0.0011237003030258941,1.250483544384132e-7,0.0013505607734090484,0.0013505607734090484,2.864047913973971e-7,0.0009057917553874468,0.00012911021661582108,0.0010323554462127703,1.2554007658932403e-7,1.2504446118778633e-7,0.00109366559150292,0.00109366559150292,0.0009957866043829027,0.0008593597003671377,1.2555361763060227e-7,NaN,1.2504812141874912e-7,0.0011206267427258305,2.8645457856160726e-7,0.0006642116734109109,0.001189441931179814,0.0010457346794093669,0.0009339222682280707,0.0009951046717604798,0.0009345994174480699,0.0012765951852185009,2.8639669536228446e-7,0.0011206275491374793,0.0013796417902140676,0.00111956132309732,2.8637795158163506e-7,2.9992453980882546e-7,0.0010304785049645212,0.0012157299399160393,2.864797401498323e-7,0.001031925501186975,2.864280524996601e-7,0.0009978546873525731,0.0009978546873525731,0.0009978546911904268,0.0012828982126888181,0.001031537545475528,2.8648045832612534e-7,0.0005215887976738572,2.864432218632866e-7,2.864494569650145e-7,2.8647598349593445e-7,2.8641571067776156e-7,0.00109366559150292,2.864445959195372e-7,2.9973630862665484e-7,2.864146860386794e-7,2.863898312504417e-7,0.0008593597429548813,1.250549148321934e-7,2.8649132590106455e-7,2.864561620365472e-7,2.8648155430489304e-7,0.0013377460874380073,1.2555723036806083e-7,1.250525627680797e-7,0.0010323554462127703,2.8646177266520844e-7,2.864783014916882e-7,1.2553967201799971e-7,0.0013796417902140676,undefined
0.0012511574496862877,3.3151527307502907e-8,3.315009333681238e-8,0.0014256008914173448,3.31447815924326e-8,2.2447679039662322e-7,2.2445205622568112e-7,0.0009186434075574003,3.315145825669375e-8,0.0014451843812288696,0.0009186862611929664,0.0016422836591935136,3.3145639379051736e-8,3.3149828843706993e-8,0.0014265477462165582,3.314955678061852e-8,2.2446015371633715e-7,0.0015248943783215542,2.2445205633206619e-7,0.001830753184437857,0.001830753184437857,3.315347686323779e-8,0.0012511574496862877,0.00017967533965898357,0.0014256008914173448,2.352047545636282e-7,2.244440745789753e-7,0.0014798380973265004,0.0014798380973265004,0.001375410040471349,0.0011922027680043154,2.2447591316958431e-7,NaN,2.2445158065831148e-7,0.0015507107117453817,3.31479833846203e-8,0.0009186790096671438,0.001642124975750888,0.0014452270170793138,0.0012914186232406808,0.0013759058974073817,0.001293388824080183,0.0017614517594265397,3.3155655329686765e-8,0.0015507107386101427,0.0018433095482692332,0.0015507114239107968,3.3151714962896625e-8,3.315259502402264e-8,0.0014264691869784185,0.0016541384535138065,3.315402201650021e-8,0.0014262430620660485,3.314711710410645e-8,0.0013523359972952708,0.0013523359972952708,0.0013523360750096244,0.0017672393168459504,0.0014260035427764556,3.3152913671733696e-8,0.000723788267855899,3.31499637958333e-8,3.3147913880320954e-8,3.315249176469244e-8,3.3153498879240964e-8,0.0014798380973265004,3.314853150956588e-8,3.3148646320184874e-8,3.314455514407061e-8,3.315176374913663e-8,0.0011922027740231315,2.2446551398616065e-7,3.315235829362904e-8,3.314892882185967e-8,3.315300059825981e-8,0.0018410383167549796,2.2447928532047283e-7,2.2445964376916366e-7,0.0014256008914173448,3.315060578768869e-8,3.31518990990106e-8,2.3520377798777902e-7,0.0018433095482692332,undefined
0.0009555545130949181,0.000715271957635967,0.0007348348679141319,0.001119935573883437,0.0009502812595450164,8.742614911259935e-7,8.731999442316336e-7,0.0006903361877403668,0.0004898846597382632,0.0011376787608028012,0.0007022081539529623,0.0012922516574065176,0.000894666321812512,0.0008817297738922742,0.0011152336307560262,0.0005441772252419695,8.732103482681345e-7,0.0012667755550515507,8.731999446871633e-7,0.001517329153386376,0.001517329153386376,7.84096430877682e-6,0.0009555545130949181,0.00013163119712888356,0.001119935573883437,8.739743489719609e-7,8.731626895314385e-7,0.001231812118563302,0.001231812118563302,0.00107575652599312,0.0009011444766301836,8.742567372849604e-7,8.734304451138394e-7,8.731979078984177e-7,0.0012206261510943584,0.0009236283053522761,0.0007019316515644984,0.0012919657256586145,0.0011374821956889815,0.001015730676219232,0.001067977389713116,0.0010091474006864785,0.0013838697766051908,0.00038160563769352985,0.0012206267094954386,8.733655298800287e-7,0.0012181678278179052,0.00039799032542151485,0.00019392162642307463,0.0011123825524475997,0.0013708835052964568,0.0006439664455524636,0.0011086248099820921,0.000888803922377181,0.0011250558324308027,0.0011250558324308027,0.0011250558309812606,0.0013902462013549526,0.0011206435358712072,0.0008008957074805707,0.0005281735563190776,0.0008084947877187508,0.0008998975449956549,0.0008049627681917305,0.0004776190768663367,0.001231812118563302,0.0008638269086896348,0.00022584732335688217,0.0009036273524258163,0.00046329965526025,0.000901145413475884,8.732658096154331e-7,0.0008895015456552768,0.0009127315591637601,0.0008034038021199524,0.0014463276115707765,8.741745162853295e-7,8.732081269055357e-7,0.001119935573883437,0.0007943947381419859,0.0008644360998143587,8.739693805717595e-7,8.733655298800287e-7,negative
0.0018462339434490078,0.002194460329627715,0.0021887793772612683,0.0021027975619910843,0.002784047716611662,0.0009775469279273872,0.0022910621148201425,0.0013539742944699254,0.0016706414454836218,0.002132058397737913,0.0013552166861687167,0.0024172984481321542,0.0025732965239912,0.002457239249097241,0.0021033287633202033,0.0017864417000355358,0.0022866300326419113,0.002231907886614249,0.0022910607694032357,0.0026810193472503194,0.0026810193472503194,0.00125558410728083,0.0018462339434490078,0.00026680476065416876,0.0021027975619910843,0.0006339733149992121,0.0022526151801730687,0.002166637397479957,0.002166637397479957,0.0020302084559664663,0.0017608405088384593,0.0009768473906534994,8.538020844131444e-7,0.00229088377545895,0.0022831640131128423,0.0026710141282884087,0.0013551854044428994,0.002417251435006793,0.0021320317086004847,0.0019073629516383173,0.0020294992437481603,0.001907927124380748,0.0025931450791354498,0.001195612227366987,0.002283164071451781,0.0026248879855594516,0.002283813715252649,0.0012535891214403387,0.0005933186420195965,0.0021023126925553415,0.002415179587535769,0.002016758141051015,0.0021022003439716904,0.002500069306653402,0.001977859682461178,0.001977859682461178,0.001977859654919198,0.002602024024716063,0.0021028789697371104,0.0022626336920000233,0.001070068479763321,0.002253595207511587,0.0026297113644773522,0.0023156653876685684,0.0014863521050630048,0.002166637397479957,0.0024542647822878745,0.000613675808997739,0.0026741039540320796,0.0014782025621158871,0.001760840527708287,0.0024719216544671846,0.0025091367526368378,0.002562059592404112,0.002262832801543305,0.002709097844730077,0.0009644107337622408,0.002286535849795242,0.0021027975619910843,0.002375347657513098,0.0024189672081520947,0.0006341657394832504,0.0026248879855594516,positive
0.0013175765839518667,0.0015051609966093866,0.0014860129914912594,0.001511138573431421,0.0019250246528863288,5.984793201594043e-8,5.983358941599095e-8,0.0009595860201117171,0.0011133863683347011,0.0015328122785317382,0.0009629321544989524,0.0017443422228647248,0.0017433354795014476,0.0016818960155521232,0.0015086981957925575,0.0012248321304644803,5.983602398307176e-8,0.001092488084630438,5.983358943893088e-8,0.0011625891740756021,0.0011625891740756021,0.0008605201002772376,0.0013175765839518667,0.00018455987648050915,0.001511138573431421,5.984442805013851e-8,5.983192648312869e-8,0.0011814416438300497,0.0011814416438300497,0.0014546604914985105,0.0012561461069045814,5.984777044911979e-8,5.984453613619931e-8,5.983348686717955e-8,0.0016471869936721636,0.0018479288599242288,0.0009630126045871382,0.0017458475161350182,0.0015328531068186618,0.0013594548596038536,0.0014541520313935226,0.001364674953624151,0.0018700387973911523,0.0008429209338021327,0.0016471864265648023,1.2064207075412255e-6,0.001646740242154847,0.0008438083460241062,0.0004491644582481215,0.0015041093815910155,0.0012907696918353201,0.0014055585375045668,0.0015082787891025607,0.0016888116995847696,0.0010544079222489504,0.0010544079222489504,0.0010544080433284708,0.0018778007037088674,0.0015114812686714218,0.0015765667557595213,0.000751867225913241,0.0015408402158253241,0.0017777707081214449,0.0016157607343400041,0.0009644688977206244,0.0011814416438300497,0.0016815484137580685,0.0004908484012124864,0.0017720113850254154,0.0009636010379203364,0.0012561456276838827,5.983634561321501e-8,0.001699648227121746,0.0017362493446588206,0.0015773207893657827,0.0019588691900000624,5.985122241876322e-8,5.98359150921505e-8,0.001511138573431421,0.0016552178761203322,0.0016749574893271664,5.984427529072202e-8,1.2064207075412255e-6,positive
0.000999108887173662,8.283306352903212e-7,8.28276701514407e-7,0.0011397224797099212,8.16926397485843e-7,3.672003101898148e-8,3.65686624104391e-8,0.0007282111994851351,8.281401517936945e-7,0.001155875834791578,0.0007304317217305883,0.0013099267005792128,8.168642043588099e-7,8.169728591629562e-7,0.0011404585402899515,8.281629901830808e-7,3.6570231221772496e-8,0.0010219658570312573,3.656866242580382e-8,0.0012442706452477036,0.0012442706452477036,8.280376549468156e-7,0.000999108887173662,0.00014182031295624915,0.0011397224797099212,3.68376328324268e-8,3.657037013239663e-8,0.0009670705925715237,0.0009670705925715237,0.0010998595398793553,0.0009521119937870114,3.671992544528459e-8,5.6532766938239925e-8,3.6568594574814906e-8,0.0012397216859775842,8.169835396581023e-7,0.0007303934672892496,0.0013098553935254253,0.0011558442813874843,0.0010324038083468342,0.0010994956005012696,0.0010337686422569544,0.0014057646726601688,8.279540587585507e-7,0.0012397216994699182,3.8822727311364984e-7,0.0012394698078244681,8.279502299095236e-7,8.27491343996804e-7,0.0011386507887319736,0.0010906818291028133,8.283623671533142e-7,0.0011400851184945795,8.168834698657521e-7,0.0008788541015060495,0.0008788541015060495,0.0008788458794111679,0.0014108360750069962,0.0011398448818367003,8.170020176268597e-7,0.0005777055212911211,8.168952876851562e-7,8.169623131569374e-7,8.169901377528461e-7,8.280835090431233e-7,0.0009670705925715237,8.169290198108665e-7,8.267806613220535e-7,8.168745825625114e-7,8.280000473242195e-7,0.0009521119963422104,3.656281860295976e-8,8.170602567865026e-7,8.169721212263298e-7,8.170051624387156e-7,0.0014700303748574639,3.6722153917653666e-8,3.657016083102877e-8,0.0011397224797099212,8.169644433049669e-7,8.170117987091821e-7,3.683753030868749e-8,3.8822727311364984e-7,undefined
0.0013665294557699003,1.8059176549986638e-7,1.8057807187887883e-7,0.0015487651701819587,1.8053030026397474e-7,1.806321397496052e-7,1.805255313408575e-7,0.000993644624613547,1.8059532478437656e-7,0.0015700074323828288,0.0009906591636292784,0.0017930551959229675,1.8053631311259563e-7,1.8057569156079267e-7,0.00155002121383617,1.805770670793276e-7,1.8053675718681054e-7,0.0016955217973974104,1.8052553146176465e-7,0.002033335250064583,0.002033335250064583,1.8062435105100252e-7,0.0013665294557699003,0.0001925546770489497,0.0015487651701819587,1.806606171742781e-7,1.8051751574949521e-7,0.00165249345636763,0.00165249345636763,0.0015032246520295975,0.001294471362402436,1.8063123766407403e-7,NaN,1.8052499270625e-7,0.001691488540362315,1.8055915636775312e-7,0.0009905709243603702,0.0017928789673172822,0.0015698432713430813,0.0014106236601028961,0.0015055192391937899,0.0014117162223225457,0.0019222065620518797,1.80637692713075e-7,0.001691488691338784,1.0561750346540956e-6,0.0016901831312256773,1.8060662161058444e-7,1.8067102658930245e-7,0.0015494204903715777,0.0018288988585635605,1.806158329919045e-7,0.0015447917719706632,1.805496282240419e-7,0.0015043853682837267,0.0015043853682837267,0.0015043853613961563,0.0019295015885620087,0.001549271641757671,1.8060410650676246e-7,0.0007754688668830226,1.8057595604020618e-7,1.805581207277024e-7,1.8059936550042094e-7,1.8061542378501863e-7,0.00165249345636763,1.8056343959951926e-7,1.8058595379822714e-7,1.8052714014825376e-7,1.8059807757369335e-7,0.001294471376199426,1.8053807207342944e-7,1.805990403651298e-7,1.8056732605083873e-7,1.806049335330079e-7,0.0020126278700028353,1.8064320433462927e-7,1.8053618270279607e-7,0.0015487651701819587,1.8058257040094161e-7,1.8059432478778463e-7,1.8065975367788625e-7,1.0561750346540956e-6,negative
0.0014050669952955946,1.0771470050764015e-7,1.0770922169819945e-7,0.0016113099638476757,1.0753635757665639e-7,4.56423437570292e-8,5.0728689226586846e-8,0.0010196934061471828,1.0793908985162992e-7,0.0016290991595877306,0.001024009439342945,0.0018539546932588632,1.075852880098014e-7,1.0762995404574826e-7,0.00160944265702966,1.078600520145584e-7,5.073085089796879e-8,0.0017621237343236026,5.0728689247639235e-8,0.002109471475732657,0.002109471475732657,1.0820039777390731e-7,0.0014050669952955946,0.00019947234792633308,0.0016113099638476757,4.5848076683754005e-8,5.072922517947144e-8,0.0017112707733203303,0.0017112707733203303,0.00155134362802897,0.0013419631465189103,4.564220442885159e-8,5.073126130268812e-8,5.072859848624611e-8,0.0017523375088511314,1.0757053027641578e-7,0.0010239088816011157,0.0018571715567476418,0.0016322453160268287,0.001454137900252899,0.001552139383788681,0.0014574051376733958,0.001988372950670168,1.0820725532514793e-7,0.0017523375735414013,0.001957340456959813,0.0017485198032890377,1.0819345038632293e-7,1.0888152407235565e-7,0.0016091909120040796,0.0019083600638214726,1.0778237225931549e-7,0.0016090838312387314,1.0760747351900368e-7,0.0015629893924415386,0.0015629893924415386,0.0015629893913895632,0.0019922192114879157,0.0016134997463294366,1.0769849244603191e-7,0.0008088965002018098,1.0768723745832303e-7,1.0758081935864386e-7,1.0767926723503985e-7,1.0804808277741458e-7,0.0017112707733203303,1.076250338287303e-7,1.0870606165329866e-7,1.0755759981049957e-7,1.080412697116261e-7,0.001341962182666247,5.0725720603093246e-8,1.076273387657056e-7,1.0760056807520583e-7,1.0769882216933132e-7,0.0020772865278381267,4.56451260415933e-8,5.073075287159211e-8,0.0016113099638476757,1.0765691099222465e-7,1.0764880629401536e-7,4.584794454348609e-8,0.001957340456959813,negative
0.001338360742200243,2.442669551532367e-7,2.442449604530517e-7,0.0015247041888820912,2.4644400105534845e-7,4.5193252066557216e-8,4.518377771806051e-8,0.0009715443674668295,2.4059228334793295e-7,0.0015505254768945257,0.0009712374635550922,0.0017459343015184376,2.4579886030642204e-7,2.454391947767337e-7,0.0015260996528480475,2.417778758285948e-7,4.5185608008636704e-8,0.0017053736961569498,4.518377773682233e-8,0.002045737052334348,0.002045737052334348,2.3622294293023105e-7,0.001338360742200243,0.0001849904991334594,0.0015247041888820912,4.5189491121063974e-8,4.518240068621102e-8,0.001656766871833702,0.001656766871833702,0.0014722498960938611,0.001272002816579259,4.519311345563505e-8,NaN,4.5183693847063494e-8,0.0016518599833124496,2.461777228663786e-7,0.0009708110909855175,0.0017530718823419416,0.001550475271668179,0.0013847305132779905,0.001470377163099347,0.0013826187017768527,0.0018883566816742963,2.3623349253454196e-7,0.0016518823820756714,0.00210739277439715,0.0016469292689155152,2.3619618906977326e-7,2.9502786320714e-7,0.0015287811753867404,0.0018464678370655608,2.433805906850209e-7,0.001528219028832801,2.4557555207706514e-7,0.001513272742557384,0.001513272742557384,0.0015132728350652233,0.0018852801707606483,0.001525193748043661,2.4461812027688526e-7,0.0007614251540278519,2.445725982840663e-7,2.4602442026240797e-7,2.4487873947700034e-7,2.3887374653179217e-7,0.001656766871833702,2.4541937719288475e-7,3.0006602368908913e-7,2.4612605191539985e-7,2.3884666365558726e-7,0.0012719739646002586,4.518607421693219e-8,2.456555716394188e-7,2.458083750562737e-7,2.4461946483453555e-7,0.0019729025961746386,4.51952982542458e-8,4.518551869931079e-8,0.0015247041888820912,2.450878030297292e-7,2.4530086915185737e-7,4.518935795905761e-8,0.00210739277439715,positive
0.0013489101646594842,0.0016372462723358437,0.001636555481102691,0.0015398105804774265,0.002073003003531088,NaN,NaN,0.0009831737296516103,0.0012511176091244457,0.0015616277439118276,0.000984354685758167,0.0017755387242831748,0.001919255853436368,0.0018372323523907534,0.001538489758608669,0.0013620652450918268,NaN,0.0016529091491633216,NaN,0.0019844890415807786,0.0019844890415807786,0.0009569621182939248,0.0013489101646594842,0.00019171106786253434,0.0015398105804774265,NaN,NaN,0.0016076997163165508,0.0016076997163165508,0.0014857228979104952,0.001283853810866617,NaN,NaN,NaN,0.0016795269110736859,0.0019962127401239463,0.0009843720715895887,0.0017767124010374714,0.0015614928715629328,0.0013965602564910752,0.0014856681873997792,0.0013952961455132003,0.0019088055496169726,0.0009565165458327464,0.0016795427244518653,0.0020992635258567753,0.0016750460609074235,0.0009562028366547888,0.0004885693820851366,0.0015402849218215053,0.0017917722350513296,0.0015243488947357525,0.0015392737577642397,0.001868327042774203,0.0014643992857742002,0.0014643992857742002,0.001464392828142637,0.0019140147733100765,0.0015418385128861294,0.00169366590325118,0.0007762509180345101,0.0016843357121221188,0.0019617308106283024,0.0017349967338039832,0.0011198632299432268,0.0016076997163165508,0.0018305246979865137,0.000563321833422563,0.001996649943461737,0.0011180692702537265,0.00128385381327538,NaN,0.0018745748374733647,0.00190804127171802,0.0016872414080142742,0.0019945365777007656,NaN,NaN,0.0015398105804774265,0.0017743083433052122,0.0018128631887286075,NaN,0.0020992635258567753,positive
0.001888643413088007,0.0022790973365477956,0.002276769285881393,0.0021527873010380727,0.002847061833008615,0.0010494182717621717,0.0023841899159912795,0.0013866806551279267,0.0017439131100364415,0.002180736707731493,0.0013866000212107643,0.002468211985116777,0.0026511746373541834,0.0025400123414578042,0.002152074230073876,0.0018901415782417957,0.002384490900718508,0.0023120577129591806,0.002384188310256081,0.002767250008729744,0.002767250008729744,0.0013360199611356202,0.001888643413088007,0.00027330703034832436,0.0021527873010380727,0.0006874382658770062,0.0023284092424895454,0.002247554415902238,0.002247554415902238,0.0020772169803987463,0.0018011842111217674,0.0010492927640396573,0.002083031117132759,0.0023841390639541523,0.002335342255949498,0.0027532923137887698,0.0013865830059269135,0.002468182239641485,0.0021826765927423436,0.0019526539879515478,0.0020749585863819807,0.0019506520167608438,0.002648152847122668,0.0013321891468011406,0.0023353423162084342,0.0026573477026474693,0.0023349059321553364,0.001340378229188442,0.000693264190431273,0.0021507509994353686,0.0025005854307509562,0.002114583004624671,0.0021498503120325765,0.002584604662701195,0.0020541701636030783,0.0020541701636030783,0.0020541701577123537,0.0026577513418541902,0.0021528961741615078,0.002343834411863315,0.0010948573757978697,0.002342229697695545,0.0027069079366556516,0.002399263521600612,0.0015604689411750378,0.002247554415902238,0.0025407522154047442,0.0007974581283543569,0.0027515644482562322,0.0015600516255423632,0.0018011842122886553,0.0025567884004542825,0.002586850819015444,0.0026371723552090507,0.0023417664189482965,0.0027689719271325203,0.0010471579068389025,0.0023839600223329155,0.0021527873010380727,0.002450194518692798,0.002499070256003254,0.000687481755050353,0.0026573477026474693,undefined
0.0009200235273075141,9.742987726025137e-7,9.74238714866096e-7,0.0010484833234192038,9.742819162208295e-7,9.767329632004696e-7,9.741379451450335e-7,0.0006700957327301247,9.740802073602368e-7,0.0010630350207114123,0.0006721046885385663,0.0012092394037722387,9.742069966432265e-7,9.743307964909505e-7,0.001049069425240234,9.741088279836389e-7,9.74154959974228e-7,0.0011279646108982625,9.741379456337926e-7,0.0013604620488664619,0.0013604620488664619,9.739599232992384e-7,0.0009200235273075141,0.00012982645647688912,0.0010484833234192038,9.764543411963547e-7,9.740985503112437e-7,0.0011006342437576606,0.0011006342437576606,0.0010121322233522902,0.0008697452400934697,9.767280763894686e-7,1.835882373898796e-7,9.741357602293406e-7,0.0011408335625159014,9.743457991364197e-7,0.0006720198240995815,0.0012089500023867703,0.0010634090232738073,0.0009467903894651936,0.001009708783920128,0.0009482633500588659,0.001299000079089036,9.738613998983345e-7,0.0011408338441117956,0.0010637213636072358,0.0011397609567906767,9.738618724766943e-7,9.761151609624638e-7,0.0010456190775233356,0.0012256018748052961,9.743319981649643e-7,0.0010468306563946191,9.742280190918182e-7,0.001008939255772047,0.001008939255772047,0.0010089392607627384,0.0013009903241335114,0.0010486746246464898,9.743615749849798e-7,0.0005258108155827702,9.74238493515701e-7,9.743206696415329e-7,9.743479909089737e-7,9.740126271637932e-7,0.0011006342437576606,9.742803503747486e-7,9.752979520669577e-7,9.742206742717127e-7,9.739190798628117e-7,0.0008697452614821282,9.742070906423394e-7,9.744314407196098e-7,9.743310493739142e-7,9.743652019571242e-7,0.001351393866896292,9.7666285135093e-7,9.741525856337996e-7,0.0010484833234192038,9.74319821389327e-7,9.743744658524454e-7,9.76449284249143e-7,0.0010637213636072358,positive
0.0008743106350662855,0.0010626742864763155,0.0010618683620146046,0.000993197609561188,0.0013260068835230327,1.8713459666877026e-7,1.9424344774569952e-7,0.0006338655222689711,0.0008026857948588473,0.0010062536436953235,0.0006355235309275363,0.0011438966792112779,0.0012394847392076243,0.0011892328582016327,0.0009939341942550484,0.000873833312894787,1.942535155059504e-7,0.0009141112505738824,1.9424344786873217e-7,0.0011313226232939225,0.0011313226232939225,0.0006199995139331728,0.0008743106350662855,0.00012194017181340544,0.000993197609561188,1.873463307689524e-7,1.94252470815128e-7,0.0008991478522952039,0.0008991478522952039,0.000965774584634661,0.0008338758526974974,1.871338377548641e-7,5.5013369054245644e-8,1.9424290517417234e-7,0.0010843477701386775,0.0012891821906114115,0.0006354019722548748,0.001144315705517377,0.0010061778424296961,0.0009040183417831723,0.0009641596038926351,0.0009040713927030658,0.0012311149366912274,0.0006099000075105623,0.0010843515004249661,6.01274016077529e-7,0.0010761536839221963,0.000613979044703937,0.0003083199814744449,0.0009921755019535777,0.0009786241576987744,0.0009844683891457103,0.0009926997204515783,0.001206600705303129,0.0008036121303662208,0.0008036121303662208,0.0008036116441792737,0.0012364630539038704,0.0009932673754964052,0.0010967486334786712,0.0005038298875174374,0.0010882503540978704,0.0012686867769537513,0.001114357604836354,0.0007240780029308244,0.0008991478522952039,0.0011861687558434204,0.0003565302643701943,0.0012945365001627738,0.000728447780552208,0.0008338754754432514,1.9420813768690514e-7,0.0012125155251382213,0.001234401401381135,0.0010968678006772735,0.0012900527887611951,1.8713976939278096e-7,1.9425294205401504e-7,0.000993197609561188,0.0011418807180338763,0.0011685494946808979,1.8734559424599568e-7,6.01274016077529e-7,positive
