genome,habitat,rresp,K,functionalgroup
73.20110700_P1D.8,palsa,0.04258550211017277,0.3032722625393374,Glucose_Nitrate
73.20110700_P2D.12,palsa,0.10717412983719476,0.6205343940832253,Glucose_Nitrate
73.20110700_P2D.15,palsa,0.05137198741057028,0.34128806965532205,Glucose_Nitrate
73.20110800_E2D.43,fen,0.07495000922122196,0.46211077367291187,Glucose_Nitrate
73.20110800_P1D.13,palsa,0.04559081733588407,0.31290958884281156,Glucose_Nitrate
73.20110800_P1M.3,palsa,0.04225974075892527,0.2988078619114715,Glucose_Nitrate
73.20110800_P2D.5,palsa,0.04979356985243932,0.33332193679302413,Glucose_Nitrate
73.20111000_P1D.30,palsa,0.05664199447874982,0.37341155825965766,Glucose_Nitrate
73.20111000_P1D.32,palsa,0.10663400545991976,0.6206937724924501,Glucose_Nitrate
73.20111000_P1D.8,palsa,0.06776008365061927,0.38034788466612063,Glucose_Nitrate
73.20111000_P1M.2,palsa,0.04554159193060586,0.3125121122737284,Glucose_Nitrate
73.20111000_P2D.26,palsa,0.08243245641633996,0.49868880684004424,Glucose_Nitrate
73.20111000_P2D.27,palsa,0.03327893844128022,0.2533502695804243,Glucose_Nitrate
73.20111000_P2D.5,palsa,0.06440840470195558,0.42094174222011643,Glucose_Nitrate
73.20111000_P2D.9,palsa,0.08340819030953193,0.5007240023293842,Glucose_Nitrate
73.20111000_P3D.19,palsa,0.12068163165069404,0.5735435449607389,Glucose_Nitrate
73.20111000_P3D.3,palsa,0.07225073297596678,0.45865157568876497,Glucose_Nitrate
73.20111000_P3M.104,palsa,0.09551285460458488,0.5639168344638559,Glucose_Nitrate
73.20111000_P3M.19,palsa,0.04359716871115419,0.3083526136922052,Glucose_Nitrate
73.20111000_P3M.21,palsa,0.04858768140317949,0.32742150246829976,Glucose_Nitrate
73.20111000_P3M.31,palsa,0.11308326466844548,0.5423267662215174,Glucose_Nitrate
73.20111000_P3M.52,palsa,0.11414616303601285,0.6588104322200209,Glucose_Nitrate
73.20111000_P3M.58,palsa,0.054084388566994566,0.35837632308310496,Glucose_Nitrate
73.20120500_P13.1,palsa,0.07188099349894625,0.4445016604543518,Glucose_Nitrate
73.20120500_P13.15,palsa,0.09319178062124019,0.5544923087070637,Glucose_Nitrate
73.20120500_P16.2,palsa,0.0696239541731561,0.43579082722043155,Glucose_Nitrate
73.20120500_P16.6,palsa,0.11507959450114096,0.6601700677391118,Glucose_Nitrate
73.20120500_P17.17,palsa,0.043118739633342396,0.3007709403501921,Glucose_Nitrate
73.20120500_P17.4,palsa,0.08100252771037292,0.490311603681596,Glucose_Nitrate
73.20120500_P17.9,palsa,0.03823276208777605,0.27846159217241023,Glucose_Nitrate
73.20120500_P26.10,palsa,0.11026020879110632,0.6357637932924265,Glucose_Nitrate
73.20120500_P26.11,palsa,0.07197421401262545,0.40207549465663733,Glucose_Nitrate
73.20120500_P26.32,palsa,0.0770089228434139,0.471609987294805,Glucose_Nitrate
73.20120500_P26.6,palsa,0.08147247314774703,0.49274429713175977,Glucose_Nitrate
73.20120500_P27.1,palsa,0.04505600649471092,0.3107984253772338,Glucose_Nitrate
73.20120500_P27.13,palsa,0.03751853278706035,0.2750586668883656,Glucose_Nitrate
73.20120500_P27.30,palsa,0.09318683188587185,0.5493824262113017,Glucose_Nitrate
73.20120500_P28.26,palsa,0.06883239039193349,0.4308110642941381,Glucose_Nitrate
73.20120500_P28.34,palsa,0.05415379882069526,0.35870530290775593,Glucose_Nitrate
73.20120500_P28.39,palsa,0.04114125579607777,0.29178651516584814,Glucose_Nitrate
73.20120500_P28.8,palsa,0.1197923241347042,0.6109799661132794,Glucose_Nitrate
73.20120500_P28.9,palsa,0.061357994788500146,0.35449794014258335,Glucose_Nitrate
73.20120500_P32.13,palsa,0.04027858108689478,0.28844741252744593,Glucose_Nitrate
73.20120500_P33.7,palsa,0.04000647201329952,0.28565406683684286,Glucose_Nitrate
73.20120500_P38.10,palsa,0.09492403545409102,0.5011243205719422,Glucose_Nitrate
73.20120500_P38.14,palsa,0.045545910206547385,0.31452063404276903,Glucose_Nitrate
73.20120500_P38.3,palsa,0.11231810178382025,0.6461671980206113,Glucose_Nitrate
73.20120500_P39.11,palsa,0.09338536257185302,0.49481080166463676,Glucose_Nitrate
73.20120500_P39.14,palsa,0.03708712066584223,0.27232227338464055,Glucose_Nitrate
73.20120500_P39.18,palsa,0.041959207364030644,0.2949646870587256,Glucose_Nitrate
73.20120500_P39.29,palsa,0.08039591518917695,0.4919121929236486,Glucose_Nitrate
73.20120500_P39.3,palsa,0.1132237039576344,0.6507220336797029,Glucose_Nitrate
73.20120700_P2D.31,palsa,0.08101861537183538,0.49620447215333613,Glucose_Nitrate
73.20120700_P3D.169,palsa,0.055838731805890586,0.3710082018802603,Glucose_Nitrate
73.20120700_P3D.181,palsa,0.03631880159677624,0.26809957192393646,Glucose_Nitrate
73.20120700_P3D.184,palsa,0.06082883583311438,0.39639909203973217,Glucose_Nitrate
73.20120700_P3D.216,palsa,0.0778592516689561,0.4725318654307456,Glucose_Nitrate
73.20120700_P3D.240,palsa,0.06665116161332517,0.41733448424610153,Glucose_Nitrate
73.20120700_P3D.282,palsa,0.06686211455920747,0.4177618558098157,Glucose_Nitrate
73.20120700_P3D.45,palsa,0.10997198193320741,0.6357775133563796,Glucose_Nitrate
73.20120700_P3D.47,palsa,0.08619392754191077,0.46576356310644473,Glucose_Nitrate
73.20120700_P3D.53,palsa,0.1070482023038105,0.5084099704156404,Glucose_Nitrate
73.20120700_P3D.68,palsa,0.14830572925929417,0.8311697473564854,Glucose_Nitrate
73.20120700_P3D.97,palsa,0.04590334452796414,0.31833696026590713,Glucose_Nitrate
73.20120700_S1D.208,bog,0.03908296503123466,0.28245624339819314,Glucose_Nitrate
73.20120800_E1X.33,fen,0.11732343977912293,0.6717413685392425,Glucose_Nitrate
73.20120800_E1X.35,fen,0.0477081774029028,0.3234378371648077,Glucose_Nitrate
73.20120800_E2X.54,fen,0.1079821219840685,0.5562249451587982,Glucose_Nitrate
73.20120800_E3S.44,fen,0.07393753890939582,0.4630913829910366,Glucose_Nitrate
73.20110700_P1D.8,palsa,0.002285635328104833,0.11039540530595245,Acetate_Nitrate
73.20110700_P2D.12,palsa,0.005645374138667121,0.2461424036784585,Acetate_Nitrate
73.20110700_P2D.15,palsa,0.002729715770699864,0.1266612347057313,Acetate_Nitrate
73.20110800_E2D.43,fen,0.003967616652527534,0.17835766417187668,Acetate_Nitrate
73.20110800_P1D.13,palsa,0.0024247669238128167,0.11451892963476767,Acetate_Nitrate
73.20110800_P1M.3,palsa,0.0022526174228435798,0.10848522150363096,Acetate_Nitrate
73.20110800_P2D.5,palsa,0.002646576672717941,0.1232527641787534,Acetate_Nitrate
73.20111000_P1D.30,palsa,0.003020820180545097,0.14040591685254694,Acetate_Nitrate
73.20111000_P1D.32,palsa,0.005618805438810848,0.24621059694360597,Acetate_Nitrate
73.20111000_P1D.8,palsa,0.013193883166275636,0.14337376392848783,Acetate_Nitrate
73.20111000_P1M.2,palsa,0.002422199213633479,0.11434886127232599,Acetate_Nitrate
73.20111000_P2D.26,palsa,0.004360693967136352,0.19400831300489477,Acetate_Nitrate
73.20111000_P2D.27,palsa,0.0017749164761797927,0.0890352742875791,Acetate_Nitrate
73.20111000_P2D.5,palsa,0.003415209509412474,0.16074266417668445,Acetate_Nitrate
73.20111000_P2D.9,palsa,0.004409621713646548,0.19487911242061692,Acetate_Nitrate
73.20111000_P3D.19,palsa,0.032784009114518904,0.2260364216366956,Acetate_Nitrate
73.20111000_P3D.3,palsa,0.003826322712584454,0.17687757658361308,Acetate_Nitrate
73.20111000_P3M.104,palsa,0.005041457363409452,0.2219174394947245,Acetate_Nitrate
73.20111000_P3M.19,palsa,0.002338937048256533,0.11256913595676821,Acetate_Nitrate
73.20111000_P3M.21,palsa,0.002582964561700556,0.12072814441156683,Acetate_Nitrate
73.20111000_P3M.31,palsa,0.030795357630388973,0.21267969358318764,Acetate_Nitrate
73.20111000_P3M.52,palsa,0.0060075336903734605,0.2625195781662458,Acetate_Nitrate
73.20111000_P3M.58,palsa,0.0028779153927411816,0.13397278840097376,Acetate_Nitrate
73.20120500_P13.1,palsa,0.0038070058862795016,0.1708232501156234,Acetate_Nitrate
73.20120500_P13.15,palsa,0.004922427922196191,0.21788496616945485,Acetate_Nitrate
73.20120500_P16.2,palsa,0.0036887493931707085,0.16709614452292657,Acetate_Nitrate
73.20120500_P16.6,palsa,0.006054596804722038,0.2631013256307135,Acetate_Nitrate
73.20120500_P17.17,palsa,0.0022946145576911766,0.10932516418550514,Acetate_Nitrate
73.20120500_P17.4,palsa,0.004283990129837266,0.1904239577653263,Acetate_Nitrate
73.20120500_P17.9,palsa,0.002038683210823408,0.09977965985429542,Acetate_Nitrate
73.20120500_P26.10,palsa,0.005805381005525573,0.25265860912537214,Acetate_Nitrate
73.20120500_P26.11,palsa,0.01405200680296376,0.15267035984955857,Acetate_Nitrate
73.20120500_P26.32,palsa,0.0040776210917274425,0.1824220942057928,Acetate_Nitrate
73.20120500_P26.6,palsa,0.004308527752737848,0.1914648346963775,Acetate_Nitrate
73.20120500_P27.1,palsa,0.0023973811073226313,0.11361562578904469,Acetate_Nitrate
73.20120500_P27.13,palsa,0.0020011856695363876,0.0983236496751194,Acetate_Nitrate
73.20120500_P27.30,palsa,0.0049193058721785235,0.21569859993828694,Acetate_Nitrate
73.20120500_P28.26,palsa,0.0036499616735504474,0.1649654525725149,Acetate_Nitrate
73.20120500_P28.34,palsa,0.002881522081924415,0.13411354905054815,Acetate_Nitrate
73.20120500_P28.39,palsa,0.0021908248674143756,0.10548099676173454,Acetate_Nitrate
73.20120500_P28.8,palsa,0.022990133625581253,0.2420543490727135,Acetate_Nitrate
73.20120500_P28.9,palsa,0.012000064894737495,0.13231334407916662,Acetate_Nitrate
73.20120500_P32.13,palsa,0.0021466395832508626,0.10405229438803787,Acetate_Nitrate
73.20120500_P33.7,palsa,0.00212966393844903,0.10285710512586248,Acetate_Nitrate
73.20120500_P38.10,palsa,0.018353706498304263,0.19505039665033755,Acetate_Nitrate
73.20120500_P38.14,palsa,0.002424948372826868,0.11520824779912733,Acetate_Nitrate
73.20120500_P38.3,palsa,0.005911852623305798,0.2571099155508603,Acetate_Nitrate
73.20120500_P39.11,palsa,0.0180698552993682,0.19234903031750672,Acetate_Nitrate
73.20120500_P39.14,palsa,0.0019770682372025274,0.09715282855414581,Acetate_Nitrate
73.20120500_P39.18,palsa,0.0022332349289732787,0.10684084167190559,Acetate_Nitrate
73.20120500_P39.29,palsa,0.004259048168930306,0.19110880213732437,Acetate_Nitrate
73.20120500_P39.3,palsa,0.0059586498829204085,0.25905879380428726,Acetate_Nitrate
73.20120700_P2D.31,palsa,0.004294163026117562,0.1929453403298005,Acetate_Nitrate
73.20120700_P3D.169,palsa,0.0029910791937958116,0.1393775923786017,Acetate_Nitrate
73.20120700_P3D.181,palsa,0.0019356984501746448,0.09534606061268261,Acetate_Nitrate
73.20120700_P3D.184,palsa,0.003253127929482679,0.1502415965646088,Acetate_Nitrate
73.20120700_P3D.216,palsa,0.0041200184914533195,0.18281653834953668,Acetate_Nitrate
73.20120700_P3D.240,palsa,0.0035335359038322304,0.15919922613715248,Acetate_Nitrate
73.20120700_P3D.282,palsa,0.0035442542896808667,0.1593820856756724,Acetate_Nitrate
73.20120700_P3D.45,palsa,0.005790242194343805,0.25266447953130433,Acetate_Nitrate
73.20120700_P3D.47,palsa,0.016767721794985882,0.1799205837641896,Acetate_Nitrate
73.20120700_P3D.53,palsa,0.03101896235221624,0.19816770880058482,Acetate_Nitrate
73.20120700_P3D.68,palsa,0.007764187270727788,0.33626698557808576,Acetate_Nitrate
73.20120700_P3D.97,palsa,0.00244978958856163,0.1168411399034585,Acetate_Nitrate
73.20120700_S1D.208,bog,0.0020832330087613374,0.10148885190569552,Acetate_Nitrate
73.20120800_E1X.33,fen,0.006170658853233743,0.26805233993311156,Acetate_Nitrate
73.20120800_E1X.35,fen,0.002537006081265118,0.11902365290847378,Acetate_Nitrate
73.20120800_E2X.54,fen,0.020780309176999537,0.21862630960193194,Acetate_Nitrate
73.20120800_E3S.44,fen,0.0039374461555101836,0.17877723763582515,Acetate_Nitrate
73.20110700_P1D.19,palsa,1.29739942915323,1.3817103537013768,Glucose_Nitrite
73.20110700_P2D.10,palsa,0.7973016063820659,0.8807133937979179,Glucose_Nitrite
73.20110700_P2D.36,palsa,0.9787719293510005,1.0618979397083426,Glucose_Nitrite
73.20110800_E3D.52,fen,0.8111608460775243,0.922505625418801,Glucose_Nitrite
73.20110800_P1D.22,palsa,1.2598861592274837,1.3444758721800807,Glucose_Nitrite
73.20110800_P1D.67,palsa,0.9600711320048209,1.03852740687171,Glucose_Nitrite
73.20110800_P1M.22,palsa,1.084309232696197,1.165487203178101,Glucose_Nitrite
73.20110800_P1M.33,palsa,1.2153704603207158,1.298357374564539,Glucose_Nitrite
73.20110800_S2M.47,bog,0.8778139236809287,0.9795255630240375,Glucose_Nitrite
73.20111000_P1D.32,palsa,1.6556634328418731,1.753658042309353,Glucose_Nitrite
73.20111000_P2D.1,palsa,0.8717921756208009,0.964098492328321,Glucose_Nitrite
73.20111000_P2D.13,palsa,0.9451678830519472,1.0426673996083418,Glucose_Nitrite
73.20111000_P3D.19,palsa,1.468558029232387,1.605523311801319,Glucose_Nitrite
73.20111000_P3D.21,palsa,1.2108674851974692,1.2940112337009788,Glucose_Nitrite
73.20111000_P3D.38,palsa,0.6440892013451684,0.7249356161400158,Glucose_Nitrite
73.20111000_P3D.5,palsa,0.7176904195621067,0.8070333988048811,Glucose_Nitrite
73.20111000_P3M.31,palsa,1.3749368222813962,1.507447664069749,Glucose_Nitrite
73.20111000_P3M.48,palsa,1.331760730808587,1.4126186263943243,Glucose_Nitrite
73.20111000_P3M.58,palsa,0.8393160547200853,0.9295193963256451,Glucose_Nitrite
73.20111000_P3M.9,palsa,0.9169934673275033,1.0031770690308424,Glucose_Nitrite
73.20111000_P3M.98,palsa,0.9730100063323471,1.0676069650802724,Glucose_Nitrite
73.20120500_P13.9,palsa,0.9247933505282825,1.0139369132744103,Glucose_Nitrite
73.20120500_P26.11,palsa,0.9601890910601577,1.0668117349493746,Glucose_Nitrite
73.20120500_P26.9,palsa,0.9503090302830993,1.0326615677970974,Glucose_Nitrite
73.20120500_P28.26,palsa,1.0683799853271763,1.1570920175075685,Glucose_Nitrite
73.20120500_P28.43,palsa,1.03455030297118,1.120395652265314,Glucose_Nitrite
73.20120500_P28.6,palsa,1.097059107122938,1.1825765612836892,Glucose_Nitrite
73.20120500_P28.8,palsa,1.6042168632370462,1.7231395874574043,Glucose_Nitrite
73.20120500_P35.9,palsa,1.117686070720425,1.1994284140064109,Glucose_Nitrite
73.20120500_P36.10,palsa,1.0494872734144924,1.1303128920237742,Glucose_Nitrite
73.20120500_P36.15,palsa,0.9326709310152688,1.0109233513863154,Glucose_Nitrite
73.20120500_P36.3,palsa,0.7993011232366403,0.8898347187075257,Glucose_Nitrite
73.20120500_P37.7,palsa,1.6107646984379755,1.7003602115948917,Glucose_Nitrite
73.20120500_P38.10,palsa,1.2691007216562131,1.3779994407612446,Glucose_Nitrite
73.20120500_P39.29,palsa,1.2479256285232425,1.3490571404156568,Glucose_Nitrite
73.20120700_E2X.160,fen,0.6487851776144614,0.7446895746296776,Glucose_Nitrite
73.20120700_E3M.187,fen,0.7085622812197669,0.806722407932977,Glucose_Nitrite
73.20120700_P2D.11,palsa,0.7474205818832979,0.8463414472531583,Glucose_Nitrite
73.20120700_P2D.7,palsa,0.8602968882799423,0.9500496702958362,Glucose_Nitrite
73.20120700_P3D.107,palsa,0.5084790553867234,0.5999246726552814,Glucose_Nitrite
73.20120700_P3D.123,palsa,0.6866145933956116,0.7918065544551742,Glucose_Nitrite
73.20120700_P3D.140,palsa,0.8072025662368332,0.8983737206590094,Glucose_Nitrite
73.20120700_P3D.15,palsa,0.7867492108314978,0.8709731606009576,Glucose_Nitrite
73.20120700_P3D.239,palsa,0.7887476812826729,0.8830339888557671,Glucose_Nitrite
73.20120700_P3D.240,palsa,1.0345357927386738,1.1147518283272895,Glucose_Nitrite
73.20120700_P3D.248,palsa,1.184957368164593,1.3030811770748916,Glucose_Nitrite
73.20120700_P3D.283,palsa,0.6747562452772214,0.7656765899810575,Glucose_Nitrite
73.20120700_P3D.296,palsa,0.7371893045467087,0.8316221042347337,Glucose_Nitrite
73.20120700_P3D.298,palsa,0.9847984539883912,1.0846242083659807,Glucose_Nitrite
73.20120700_P3D.316,palsa,1.3708765460476453,1.457029848300938,Glucose_Nitrite
73.20120700_P3D.35,palsa,1.6349519016439105,1.7314910867585704,Glucose_Nitrite
73.20120700_P3D.47,palsa,1.150818218846464,1.2669044036442239,Glucose_Nitrite
73.20120700_P3D.7,palsa,1.208620949253364,1.2879980219521137,Glucose_Nitrite
73.20120700_P3D.74,palsa,0.8943809065613901,0.9721764986672667,Glucose_Nitrite
73.20120700_P3D.75,palsa,1.971266769171381,2.1217082729466386,Glucose_Nitrite
73.20120700_S1D.105,bog,1.001308738866509,1.101298070257164,Glucose_Nitrite
73.20120700_S1D.96,bog,0.7304777581868367,0.8142231749076494,Glucose_Nitrite
73.20120700_S2X.40,bog,0.724826285305388,0.8114956810294044,Glucose_Nitrite
73.20120700_S3D.53,bog,0.6596909994099532,0.7406027232470239,Glucose_Nitrite
73.20120800_E2X.75,fen,1.0933771467032019,1.1737530880554916,Glucose_Nitrite
73.20120800_E3X.67,fen,0.9951524195171259,1.0731314404083563,Glucose_Nitrite
73.20120800_P2D.5,palsa,0.8524457480852305,0.9423318950804656,Glucose_Nitrite
73.20120800_S2D.22,bog,1.010714768261208,1.1133242389308828,Glucose_Nitrite
73.20110700_P1D.19,palsa,0.03305260198563594,0.12491298402427138,Acetate_Nitrite
73.20110700_P2D.10,palsa,0.02032762979698382,0.08411864134690518,Acetate_Nitrite
73.20110700_P2D.36,palsa,0.024947041875573416,0.09887183357213773,Acetate_Nitrite
73.20110800_E3D.52,fen,0.03970936610393982,0.0875216292978155,Acetate_Nitrite
73.20110800_P1D.22,palsa,0.032098734237862594,0.12188111692694108,Acetate_Nitrite
73.20110800_P1D.67,palsa,0.024470094625865208,0.09696885690482634,Acetate_Nitrite
73.20110800_P1M.22,palsa,0.02763214012679412,0.10730672689463536,Acetate_Nitrite
73.20110800_P1M.33,palsa,0.030966374394848215,0.11812585702305618,Acetate_Nitrite
73.20110800_S2M.47,bog,0.022398194442718428,0.09216455342765109,Acetate_Nitrite
73.20111000_P1D.32,palsa,0.042159717685252694,0.15519931843646412,Acetate_Nitrite
73.20111000_P2D.1,palsa,0.022229464687067598,0.09090838371238918,Acetate_Nitrite
73.20111000_P2D.13,palsa,0.03440786501167135,0.09730596131043491,Acetate_Nitrite
73.20111000_P3D.19,palsa,0.06457981124225878,0.143137251313485,Acetate_Nitrite
73.20111000_P3D.21,palsa,0.030851873603158775,0.11777196673249157,Acetate_Nitrite
73.20111000_P3D.38,palsa,0.016424409802408866,0.0714342289614097,Acetate_Nitrite
73.20111000_P3D.5,palsa,0.018304458989178155,0.07811914992326106,Acetate_Nitrite
73.20111000_P3M.31,palsa,0.060561919389338595,0.1351513114733764,Acetate_Nitrite
73.20111000_P3M.48,palsa,0.03392575812798513,0.12742973116789585,Acetate_Nitrite
73.20111000_P3M.58,palsa,0.02140117963732185,0.08809273490669878,Acetate_Nitrite
73.20111000_P3M.9,palsa,0.02337576044865403,0.09409040870841631,Acetate_Nitrite
73.20111000_P3M.98,palsa,0.024806367026257586,0.09933669854341654,Acetate_Nitrite
73.20120500_P13.9,palsa,0.023575729460944692,0.09496654331272962,Acetate_Nitrite
73.20120500_P26.11,palsa,0.03500459899033936,0.09927194587411195,Acetate_Nitrite
73.20120500_P26.9,palsa,0.02422244563809565,0.09649122316959145,Acetate_Nitrite
73.20120500_P28.26,palsa,0.02722884294399946,0.10662313775439426,Acetate_Nitrite
73.20120500_P28.43,palsa,0.026367184145588626,0.1036350874895887,Acetate_Nitrite
73.20120500_P28.6,palsa,0.02795743588387516,0.10869825056940959,Acetate_Nitrite
73.20120500_P28.8,palsa,0.058007045416262636,0.15271431272813799,Acetate_Nitrite
73.20120500_P35.9,palsa,0.028481395694853206,0.1100704350530274,Acetate_Nitrite
73.20120500_P36.10,palsa,0.026746065999023787,0.10444261190490287,Acetate_Nitrite
73.20120500_P36.15,palsa,0.0237726242785918,0.09472116003462334,Acetate_Nitrite
73.20120500_P36.3,palsa,0.02038307414484529,0.08486135733884623,Acetate_Nitrite
73.20120500_P37.7,palsa,0.04101802045007992,0.15085947180237486,Acetate_Nitrite
73.20120500_P38.10,palsa,0.0460520100255943,0.12461081801081934,Acetate_Nitrite
73.20120500_P39.29,palsa,0.03180055257544015,0.12225415277597101,Acetate_Nitrite
73.20120700_E2X.160,fen,0.01656439988967264,0.0730427212604788,Acetate_Nitrite
73.20120700_E3M.187,fen,0.018090584134219326,0.07809382707858667,Acetate_Nitrite
73.20120700_P2D.11,palsa,0.019079758541117143,0.08131985996087594,Acetate_Nitrite
73.20120700_P2D.7,palsa,0.02193478644752474,0.0897644397245515,Acetate_Nitrite
73.20120700_P3D.107,palsa,0.012981623153209802,0.0612550469002654,Acetate_Nitrite
73.20120700_P3D.123,palsa,0.032035594791856796,0.07687928390408096,Acetate_Nitrite
73.20120700_P3D.140,palsa,0.02058480281205179,0.08555665691072116,Acetate_Nitrite
73.20120700_P3D.15,palsa,0.02005926891572354,0.08332552992588811,Acetate_Nitrite
73.20120700_P3D.239,palsa,0.02011927606789521,0.08430759888074639,Acetate_Nitrite
73.20120700_P3D.240,palsa,0.02636550200173022,0.10317553163163924,Acetate_Nitrite
73.20120700_P3D.248,palsa,0.04311236318330728,0.11851049891466492,Acetate_Nitrite
73.20120700_P3D.283,palsa,0.017213448208141736,0.07475161685175007,Acetate_Nitrite
73.20120700_P3D.296,palsa,0.018808150980967858,0.08012131791144908,Acetate_Nitrite
73.20120700_P3D.298,palsa,0.02511206356501238,0.10072235017322893,Acetate_Nitrite
73.20120700_P3D.316,palsa,0.034921013378891794,0.1310459738802829,Acetate_Nitrite
73.20120700_P3D.35,palsa,0.04163337609327115,0.15339434464774726,Acetate_Nitrite
73.20120700_P3D.47,palsa,0.041881733263276495,0.11556475710302504,Acetate_Nitrite
73.20120700_P3D.7,palsa,0.03079406991660899,0.11728233298157618,Acetate_Nitrite
73.20120700_P3D.74,palsa,0.02279768833357499,0.09156614610440926,Acetate_Nitrite
73.20120700_P3D.75,palsa,0.07106341581304854,0.18516829715839953,Acetate_Nitrite
73.20120700_S1D.105,bog,0.036434494142643006,0.10208004151705483,Acetate_Nitrite
73.20120700_S1D.96,bog,0.01862607826657647,0.07870458698891991,Acetate_Nitrite
73.20120700_S2X.40,bog,0.01848382901134271,0.07848249717835301,Acetate_Nitrite
73.20120700_S3D.53,bog,0.016821906136654706,0.07270994396017824,Acetate_Nitrite
73.20120800_E2X.75,fen,0.027862714746872696,0.10797978754611101,Acetate_Nitrite
73.20120800_E3X.67,fen,0.025362841409705347,0.099786536282332,Acetate_Nitrite
73.20120800_P2D.5,palsa,0.021735076430224307,0.08913600963007869,Acetate_Nitrite
73.20120800_S2D.22,bog,0.025774843480149592,0.10305928826950222,Acetate_Nitrite
73.20100900_E1D.12,fen,1.5987327002180818,0.8801812965880398,Glucose_Nitoxide
73.20100900_E1D.13,fen,0.5869713999173504,0.3810754338012825,Glucose_Nitoxide
73.20100900_E1S.8,fen,1.3883529830750698,0.7681110861068287,Glucose_Nitoxide
73.20100900_E2D.14,fen,0.49677050367942255,0.33569708909674334,Glucose_Nitoxide
73.20100900_E2S.12,fen,0.8375004511381453,0.5035440568259149,Glucose_Nitoxide
73.20100900_E3D.24,fen,0.47040693546496576,0.3238791288305222,Glucose_Nitoxide
73.20110600_P1D.4,palsa,0.7467867268029114,0.45495931884469215,Glucose_Nitoxide
73.20110600_P1M.2,palsa,1.1114403079730188,0.6535519654109216,Glucose_Nitoxide
73.20110600_S1D.17,bog,1.4954420933448505,0.8256625803355437,Glucose_Nitoxide
73.20110600_S1D.18,bog,1.1294983434524926,0.6537895542224661,Glucose_Nitoxide
73.20110600_S1D.37,bog,0.8948441023571616,0.5241950177374591,Glucose_Nitoxide
73.20110600_S1M.41,bog,0.912158618372825,0.544672175476959,Glucose_Nitoxide
73.20110600_S1M.43,bog,0.9880286902915644,0.5847252343737948,Glucose_Nitoxide
73.20110600_S2D.50,bog,1.1325091353595813,0.6548378728170661,Glucose_Nitoxide
73.20110700_E1S.2,fen,1.3776869348631464,0.7627251623404039,Glucose_Nitoxide
73.20110700_E2M.5,fen,1.5240179103277156,0.8355850320923051,Glucose_Nitoxide
73.20110700_P2D.10,palsa,0.8752162205406523,0.5175184818759668,Glucose_Nitoxide
73.20110700_P2D.26,palsa,1.4671073153730423,0.833953779989978,Glucose_Nitoxide
73.20110700_P2D.43,palsa,0.9377276648066191,0.5604449670570676,Glucose_Nitoxide
73.20110700_P2D.50,palsa,0.8688370409457125,0.5115213026952184,Glucose_Nitoxide
73.20110700_P2D.63,palsa,1.075443321303106,0.6317544320672213,Glucose_Nitoxide
73.20110700_P2D.9,palsa,0.836488294670069,0.5015392782501044,Glucose_Nitoxide
73.20110700_P2M.10,palsa,0.933172413253073,0.5608177358480382,Glucose_Nitoxide
73.20110700_P3D.9,palsa,0.8908429905311165,0.5394448293865762,Glucose_Nitoxide
73.20110700_P3S.13,palsa,1.0462569400909782,0.605297453342656,Glucose_Nitoxide
73.20110700_S1D.2,bog,1.3553090494158038,0.7650591411980517,Glucose_Nitoxide
73.20110700_S1D.5,bog,0.9969902101393504,0.586459900715101,Glucose_Nitoxide
73.20110700_S2D.16,bog,1.2790541481878133,0.732733488379876,Glucose_Nitoxide
73.20110700_S2M.7,bog,0.7399148087446052,0.45453525628352204,Glucose_Nitoxide
73.20110800_E1D.14,fen,0.8646942838288526,0.5145177226948942,Glucose_Nitoxide
73.20110800_E1D.21,fen,0.6337386219448784,0.4079793223523117,Glucose_Nitoxide
73.20110800_E1D.23,fen,0.8081713956709454,0.48317381668829956,Glucose_Nitoxide
73.20110800_E1D.30,fen,0.8884481723485014,0.5326553890215848,Glucose_Nitoxide
73.20110800_E1D.32,fen,0.6585241183907969,0.415875205199329,Glucose_Nitoxide
73.20110800_E2D.10,fen,2.0993446014821924,1.1261632218168887,Glucose_Nitoxide
73.20110800_E2D.16,fen,0.9371196001493369,0.5563918025163613,Glucose_Nitoxide
73.20110800_E2D.35,fen,0.5107913884069258,0.34013369127100157,Glucose_Nitoxide
73.20110800_E2D.40,fen,0.9954103280704996,0.5746437634411777,Glucose_Nitoxide
73.20110800_E2D.41,fen,1.0136519021975667,0.6016250356325545,Glucose_Nitoxide
73.20110800_E2D.44,fen,1.5354103513481194,0.8583043885661132,Glucose_Nitoxide
73.20110800_E2D.6,fen,0.9685409369588631,0.5623438066061346,Glucose_Nitoxide
73.20110800_E2D.65,fen,0.6229420761907875,0.3930464346777728,Glucose_Nitoxide
73.20110800_E2D.76,fen,1.399206965166108,0.7792038230592756,Glucose_Nitoxide
73.20110800_E2M.9,fen,1.47089917907685,0.8090727897988621,Glucose_Nitoxide
73.20110800_E3D.14,fen,0.8805850076149427,0.5199412463036556,Glucose_Nitoxide
73.20110800_E3D.16,fen,2.0224098105112236,1.0907425953845935,Glucose_Nitoxide
73.20110800_E3D.39,fen,0.6317101309044445,0.39655000929977374,Glucose_Nitoxide
73.20110800_E3D.52,fen,0.8885216666656127,0.5400729542337731,Glucose_Nitoxide
73.20110800_E3D.64,fen,1.0664217000208447,0.6085337988968397,Glucose_Nitoxide
73.20110800_E3D.77,fen,1.4677197947993086,0.8235777358366627,Glucose_Nitoxide
73.20110800_E3M.5,fen,1.4923157261213011,0.8198618961176656,Glucose_Nitoxide
73.20110800_E3M.7,fen,0.4851051089683623,0.33077430182829176,Glucose_Nitoxide
73.20110800_S1D.19,bog,1.0009583414262626,0.5764567393133437,Glucose_Nitoxide
73.20110800_S1M.31,bog,0.7475473876855881,0.45351251956447675,Glucose_Nitoxide
73.20110800_S2M.28,bog,0.6356188048735154,0.3978331880398514,Glucose_Nitoxide
73.20110800_S2M.47,bog,0.9635946428521358,0.5708455298221631,Glucose_Nitoxide
73.20110800_S2M.5,bog,0.772604315288257,0.4717727163051183,Glucose_Nitoxide
73.20110800_S3D.58,bog,0.8396469407899538,0.5086144184473776,Glucose_Nitoxide
73.20110800_S3D.6,bog,0.8250209222884266,0.49841640926100783,Glucose_Nitoxide
73.20110800_S3M.17,bog,0.9248361347339317,0.5390175120052102,Glucose_Nitoxide
73.20110800_S3M.18,bog,0.8251722845716416,0.5013318079003535,Glucose_Nitoxide
73.20111000_E3D.16,fen,1.1845837642329702,0.6816601519571892,Glucose_Nitoxide
73.20111000_E3D.4,fen,0.6093343890885314,0.3914008150858256,Glucose_Nitoxide
73.20111000_P1D.30,palsa,0.9647900839283119,0.5693511229041239,Glucose_Nitoxide
73.20111000_P1D.8,palsa,0.991913486983257,0.5811120005027871,Glucose_Nitoxide
73.20111000_P2D.1,palsa,0.9569859566491624,0.5625198332495354,Glucose_Nitoxide
73.20111000_P2D.13,palsa,1.03649850355556,0.6049219778276383,Glucose_Nitoxide
73.20111000_P2D.43,palsa,1.31956575378324,0.7483243812930589,Glucose_Nitoxide
73.20111000_P2D.7,palsa,0.9468217922424869,0.5528927761777637,Glucose_Nitoxide
73.20111000_P2M.16,palsa,1.0680503333863722,0.6153816195695545,Glucose_Nitoxide
73.20111000_P2M.5,palsa,0.8718811139230139,0.5301605711222849,Glucose_Nitoxide
73.20111000_P3D.24,palsa,0.8164685148544671,0.48955032405837584,Glucose_Nitoxide
73.20111000_P3M.39,palsa,0.9130925071173353,0.5371040421624687,Glucose_Nitoxide
73.20111000_S2M.32,bog,1.0682577762110268,0.6191163234119128,Glucose_Nitoxide
73.20111000_S3D.35,bog,1.1905317545013638,0.6814003602252752,Glucose_Nitoxide
73.20120500_P13.2,palsa,0.86998081112264,0.5194224847856446,Glucose_Nitoxide
73.20120500_P16.3,palsa,0.892698067983365,0.5303541067740621,Glucose_Nitoxide
73.20120500_P17.17,palsa,0.7345312585893825,0.4461854346330994,Glucose_Nitoxide
73.20120500_P19.15,palsa,1.218573633766754,0.6848575953444245,Glucose_Nitoxide
73.20120500_P19.4,palsa,1.168935512462323,0.659368877210088,Glucose_Nitoxide
73.20120500_P24.22,palsa,1.1076195035646035,0.6351006032306298,Glucose_Nitoxide
73.20120500_P24.8,palsa,0.7396473812250892,0.46191543097580423,Glucose_Nitoxide
73.20120500_P25.2,palsa,0.9406715613203324,0.5540757817769298,Glucose_Nitoxide
73.20120500_P25.5,palsa,1.2894782378043874,0.7405956629262044,Glucose_Nitoxide
73.20120500_P26.11,palsa,1.0529661915776727,0.6179522162936507,Glucose_Nitoxide
73.20120500_P26.7,palsa,0.7570362759301931,0.46054745640234035,Glucose_Nitoxide
73.20120500_P26.9,palsa,1.043176592253699,0.5995220207482754,Glucose_Nitoxide
73.20120500_P28.19,palsa,0.6050707349207952,0.38308659514265253,Glucose_Nitoxide
73.20120500_P28.26,palsa,1.1727861713568488,0.6666747673142628,Glucose_Nitoxide
73.20120500_P28.34,palsa,0.9225200882848729,0.5444159542005219,Glucose_Nitoxide
73.20120500_P28.43,palsa,1.1356504698644714,0.6468704370981467,Glucose_Nitoxide
73.20120500_P28.7,palsa,0.6947018123487196,0.42637859553878127,Glucose_Nitoxide
73.20120500_P28.8,palsa,1.7592701146898408,0.9721598724278521,Glucose_Nitoxide
73.20120500_P28.9,palsa,0.8973021962885174,0.5372821667178191,Glucose_Nitoxide
73.20120500_P32.12,palsa,1.5144197559350383,0.8410566328931438,Glucose_Nitoxide
73.20120500_P38.10,palsa,1.3917475172190252,0.7858943011407253,Glucose_Nitoxide
73.20120500_P39.11,palsa,1.3689567190484997,0.7751894238419175,Glucose_Nitoxide
73.20120500_P39.18,palsa,0.7147730060284736,0.4363406507711194,Glucose_Nitoxide
73.20120600_E1D.16,fen,0.45189436327011623,0.31468157407968034,Glucose_Nitoxide
73.20120600_E1D.17,fen,0.5594870560137932,0.36598828738037237,Glucose_Nitoxide
73.20120600_E1D.21,fen,0.41232778973453743,0.29572940834986167,Glucose_Nitoxide
73.20120600_E1D.64,fen,0.4678982252134652,0.3234686706095586,Glucose_Nitoxide
73.20120600_E1D.81,fen,0.7000185871576643,0.43519821496427824,Glucose_Nitoxide
73.20120600_E2D.11,fen,0.48543756419091655,0.330980925929253,Glucose_Nitoxide
73.20120600_E2D.12,fen,1.4985637379052603,0.8267351274658863,Glucose_Nitoxide
73.20120600_E2D.139,fen,1.079261936721994,0.6161467287373552,Glucose_Nitoxide
73.20120600_E2D.64,fen,0.5059087657466452,0.3420004004548304,Glucose_Nitoxide
73.20120600_E2D.81,fen,1.2771424819552404,0.7141815506458208,Glucose_Nitoxide
73.20120600_E3D.11,fen,1.206273119260016,0.6857034525207957,Glucose_Nitoxide
73.20120600_E3D.16,fen,0.5322567447902008,0.35478670128180523,Glucose_Nitoxide
73.20120600_E3D.19,fen,0.4373723589014652,0.30585415245497855,Glucose_Nitoxide
73.20120600_E3D.97,fen,1.1446930626256884,0.6480634878116011,Glucose_Nitoxide
73.20120600_E3M.4,fen,1.3964594407088446,0.772008581307687,Glucose_Nitoxide
73.20120600_E3S.4,fen,1.277134550886309,0.7150580511850807,Glucose_Nitoxide
73.20120600_S1D.24,bog,0.917747530596142,0.5372890457812262,Glucose_Nitoxide
73.20120600_S1D.43,bog,1.1578813980080147,0.669293119786111,Glucose_Nitoxide
73.20120600_S1D.6,bog,0.8882799087215683,0.5282322618126616,Glucose_Nitoxide
73.20120600_S2M.39,bog,0.8775629521248298,0.526751208840395,Glucose_Nitoxide
73.20120700_E1D.7,fen,1.3725250886643128,0.7732230480147769,Glucose_Nitoxide
73.20120700_E1D.9,fen,0.6625304188086777,0.418840153929153,Glucose_Nitoxide
73.20120700_E1X.9,fen,1.6540565607430557,0.9089920287542523,Glucose_Nitoxide
73.20120700_E2X.150,fen,0.7770693957743182,0.4731321192846757,Glucose_Nitoxide
73.20120700_E2X.16,fen,0.47928900147450587,0.3279770400906114,Glucose_Nitoxide
73.20120700_E2X.17,fen,0.5479988855779548,0.36169653716475564,Glucose_Nitoxide
73.20120700_E2X.198,fen,0.8534417562340678,0.5117031590734478,Glucose_Nitoxide
73.20120700_E3M.10,fen,0.438958656270508,0.30552709895163527,Glucose_Nitoxide
73.20120700_E3M.127,fen,0.3866059050723392,0.2805886241605069,Glucose_Nitoxide
73.20120700_E3M.16,fen,0.5416462911637003,0.35873748552538365,Glucose_Nitoxide
73.20120700_E3M.25,fen,0.4669976979980647,0.32034149334108813,Glucose_Nitoxide
73.20120700_E3M.35,fen,0.5715560706124165,0.3729342438206115,Glucose_Nitoxide
73.20120700_E3X.7,fen,0.812746956154206,0.4851504410310691,Glucose_Nitoxide
73.20120700_P1D.1,palsa,0.8949303537662106,0.5317148686678783,Glucose_Nitoxide
73.20120700_P1D.2,palsa,0.8871183379105484,0.5232756897331502,Glucose_Nitoxide
73.20120700_P1D.9,palsa,0.7550920042323436,0.46813525944164114,Glucose_Nitoxide
73.20120700_P2D.11,palsa,0.8204582844792985,0.4989685962115603,Glucose_Nitoxide
73.20120700_P2D.31,palsa,1.3804523880141564,0.7775524597012435,Glucose_Nitoxide
73.20120700_P2D.6,palsa,0.8137894327407105,0.49264263106522727,Glucose_Nitoxide
73.20120700_P3D.107,palsa,0.5581673234786946,0.3659821507499975,Glucose_Nitoxide
73.20120700_P3D.118,palsa,1.4719841192623275,0.8361552235392861,Glucose_Nitoxide
73.20120700_P3D.123,palsa,0.7522554921251723,0.46953715203059365,Glucose_Nitoxide
73.20120700_P3D.15,palsa,0.8636325464435692,0.512261863316032,Glucose_Nitoxide
73.20120700_P3D.154,palsa,1.3750628663157758,0.765452341014685,Glucose_Nitoxide
73.20120700_P3D.179,palsa,0.4310197322868225,0.30077604070362324,Glucose_Nitoxide
73.20120700_P3D.197,palsa,0.7937808390423776,0.48462207453843603,Glucose_Nitoxide
73.20120700_P3D.255,palsa,0.9849129891556407,0.5780513615083293,Glucose_Nitoxide
73.20120700_P3D.266,palsa,1.5811160660991912,0.8650940547233018,Glucose_Nitoxide
73.20120700_P3D.283,palsa,0.7406943524343856,0.45543530729571163,Glucose_Nitoxide
73.20120700_P3D.298,palsa,1.0810353899430871,0.6275652693352658,Glucose_Nitoxide
73.20120700_P3D.316,palsa,1.5048455887669494,0.828545508629475,Glucose_Nitoxide
73.20120700_P3D.333,palsa,1.1632464585300943,0.6570924337689537,Glucose_Nitoxide
73.20120700_P3D.39,palsa,1.1512856167230956,0.664268324706375,Glucose_Nitoxide
73.20120700_P3D.41,palsa,1.664725654569652,0.93498773191062,Glucose_Nitoxide
73.20120700_P3D.53,palsa,1.3947076000700087,0.7982474735575559,Glucose_Nitoxide
73.20120700_P3D.99,palsa,0.6706792934426795,0.4152340649747059,Glucose_Nitoxide
73.20120700_S1D.105,bog,1.0980659106055615,0.6365638353973528,Glucose_Nitoxide
73.20120700_S1D.116,bog,0.9713012135926665,0.5721520010987242,Glucose_Nitoxide
73.20120700_S1D.223,bog,0.7955156748164284,0.48653726270810177,Glucose_Nitoxide
73.20120700_S1D.243,bog,0.8445519165855965,0.510582557139849,Glucose_Nitoxide
73.20120700_S1D.266,bog,0.6019914876489899,0.3893709069297939,Glucose_Nitoxide
73.20120700_S1D.281,bog,1.689681118372778,0.9449261683309975,Glucose_Nitoxide
73.20120700_S1D.399,bog,1.7638549905288217,0.9643417806984304,Glucose_Nitoxide
73.20120700_S1D.416,bog,0.6583711888369163,0.4092215210778165,Glucose_Nitoxide
73.20120700_S1D.72,bog,1.0663027849008677,0.6263171664656482,Glucose_Nitoxide
73.20120700_S1D.81,bog,1.1623435539591107,0.6680072213881679,Glucose_Nitoxide
73.20120700_S1D.97,bog,0.9959282078104784,0.5929957603418469,Glucose_Nitoxide
73.20120700_S1X.20,bog,0.9369182070067921,0.5460090681343766,Glucose_Nitoxide
73.20120700_S2X.22,bog,0.8688483589444714,0.5131668684134925,Glucose_Nitoxide
73.20120700_S3D.16,bog,1.0151611741695332,0.5889311401982669,Glucose_Nitoxide
73.20120700_S3D.38,bog,0.7506683119193585,0.45387166062269363,Glucose_Nitoxide
73.20120700_S3D.5,bog,1.3444431947300033,0.760580299750697,Glucose_Nitoxide
73.20120700_S3X.17,bog,0.9107603213036884,0.534234978432637,Glucose_Nitoxide
73.20120700_S3X.21,bog,1.0190671571525396,0.5985670971493897,Glucose_Nitoxide
73.20120700_S3X.5,bog,1.4225717844267967,0.8005399936178936,Glucose_Nitoxide
73.20120800_E1D.12,fen,0.8443088844005158,0.5008237874637347,Glucose_Nitoxide
73.20120800_E1D.22,fen,0.819487117031069,0.49797810676756527,Glucose_Nitoxide
73.20120800_E1D.6,fen,1.34424761123828,0.7592014500606755,Glucose_Nitoxide
73.20120800_E1D.7,fen,0.6257412369710903,0.4005125732197544,Glucose_Nitoxide
73.20120800_E1X.13,fen,1.4560090325007118,0.8094584909065093,Glucose_Nitoxide
73.20120800_E1X.35,fen,0.8127438833687375,0.48461825675776704,Glucose_Nitoxide
73.20120800_E2D.29,fen,1.5018409017214611,0.8412927907308161,Glucose_Nitoxide
73.20120800_E2D.7,fen,1.3804225603777283,0.7757848841457933,Glucose_Nitoxide
73.20120800_E2X.11,fen,1.9247338596664856,1.0399572196399185,Glucose_Nitoxide
73.20120800_E2X.46,fen,1.0664280584705703,0.6096980633706308,Glucose_Nitoxide
73.20120800_E2X.54,fen,1.5848643561713465,0.8793200806386599,Glucose_Nitoxide
73.20120800_E2X.55,fen,0.8959624810738172,0.5247030329481283,Glucose_Nitoxide
73.20120800_E3D.18,fen,1.6503694839178462,0.9171793832707262,Glucose_Nitoxide
73.20120800_E3D.23,fen,0.7021819622014205,0.4302286295205931,Glucose_Nitoxide
73.20120800_E3D.4,fen,1.388458501052408,0.7812194094473522,Glucose_Nitoxide
73.20120800_E3S.44,fen,1.259485064261928,0.7214076121651525,Glucose_Nitoxide
73.20120800_E3S.45,fen,0.6940313883349106,0.4262527953531444,Glucose_Nitoxide
73.20120800_E3X.47,fen,0.5930624528472663,0.3773235652300647,Glucose_Nitoxide
73.20120800_E3X.5,fen,0.9594756008939926,0.5580438788844829,Glucose_Nitoxide
73.20120800_E3X.7,fen,1.9299104815634758,1.0419672192772864,Glucose_Nitoxide
73.20120800_P1D.7,palsa,1.1786266635841183,0.6738562403364792,Glucose_Nitoxide
73.20120800_S1D.27,bog,0.7947384234439048,0.47568624696507894,Glucose_Nitoxide
73.20120800_S1M.32,bog,1.1957318217708985,0.684891863916823,Glucose_Nitoxide
73.20120800_S2D.10,bog,1.1465545281222123,0.654202020117915,Glucose_Nitoxide
73.20120800_S2M.12,bog,0.9248674168517301,0.5434524891391197,Glucose_Nitoxide
73.20120800_S2X.3,bog,1.2356324471638656,0.7091840958711205,Glucose_Nitoxide
73.20120800_S2X.4,bog,0.7206199269995958,0.4456206951135208,Glucose_Nitoxide
73.20100900_E1D.12,fen,0.13326433057692527,0.10682914943833269,Acetate_Nitoxide
73.20100900_E1D.13,fen,0.04896135438249804,0.0517855775670242,Acetate_Nitoxide
73.20100900_E1S.8,fen,0.11573610265187516,0.0944695577260414,Acetate_Nitoxide
73.20100900_E2D.14,fen,0.04143779626338394,0.046781055752355596,Acetate_Nitoxide
73.20100900_E2S.12,fen,0.0698364708422685,0.0652919515771341,Acetate_Nitoxide
73.20100900_E3D.24,fen,0.04374612260254059,0.045477719538964054,Acetate_Nitoxide
73.20110600_P1D.4,palsa,0.062269340622218124,0.0599338147241901,Acetate_Nitoxide
73.20110600_P1M.2,palsa,0.11376164402941816,0.08183547813753295,Acetate_Nitoxide
73.20110600_S1D.17,bog,0.12465995483529746,0.10081658757496328,Acetate_Nitoxide
73.20110600_S1D.18,bog,0.10472734659874122,0.0818616804681388,Acetate_Nitoxide
73.20110600_S1D.37,bog,0.07460839081579884,0.06756942963519455,Acetate_Nitoxide
73.20110600_S1M.41,bog,0.07607157928228622,0.06982773992123473,Acetate_Nitoxide
73.20110600_S1M.43,bog,0.09168715344629645,0.07424496598574938,Acetate_Nitoxide
73.20110600_S2D.50,bog,0.10500122336333358,0.08197729361598625,Acetate_Nitoxide
73.20110700_E1S.2,fen,0.11484722063703408,0.09387557455726973,Acetate_Nitoxide
73.20110700_E2M.5,fen,0.12703966642509992,0.10191087884087507,Acetate_Nitoxide
73.20110700_P2D.10,palsa,0.07297396118634748,0.06683311213435118,Acetate_Nitoxide
73.20110700_P2D.26,palsa,0.14211330547995726,0.10173097724277853,Acetate_Nitoxide
73.20110700_P2D.43,palsa,0.09101448214355304,0.07156723218466625,Acetate_Nitoxide
73.20110700_P2D.50,palsa,0.07244065158884583,0.06617171705191817,Acetate_Nitoxide
73.20110700_P2D.63,palsa,0.10434962940600633,0.07943155106979212,Acetate_Nitoxide
73.20110700_P2D.9,palsa,0.06974927111794894,0.06507085585005219,Acetate_Nitoxide
73.20110700_P2M.10,palsa,0.09299696714879052,0.07160834275311878,Acetate_Nitoxide
73.20110700_P3D.9,palsa,0.08882477347657555,0.06925124539036374,Acetate_Nitoxide
73.20110700_P3S.13,palsa,0.08723208111555647,0.07651376003886314,Acetate_Nitoxide
73.20110700_S1D.2,bog,0.1255496308224661,0.09413297592755164,Acetate_Nitoxide
73.20110700_S1D.5,bog,0.08313798669247362,0.07443627255725968,Acetate_Nitoxide
73.20110700_S2D.16,bog,0.11856587991765545,0.09056796191579593,Acetate_Nitoxide
73.20110700_S2M.7,bog,0.0617011036152398,0.05988704725499356,Acetate_Nitoxide
73.20110800_E1D.14,fen,0.0720989244388837,0.06650217532120774,Acetate_Nitoxide
73.20110800_E1D.21,fen,0.05896359673120132,0.05475265576323635,Acetate_Nitoxide
73.20110800_E1D.23,fen,0.06738476235635243,0.06304543263065221,Acetate_Nitoxide
73.20110800_E1D.30,fen,0.07409501857186397,0.06850247628833454,Acetate_Nitoxide
73.20110800_E1D.32,fen,0.05492203240040425,0.05562344816898079,Acetate_Nitoxide
73.20110800_E2D.10,fen,0.1749657502239629,0.13395710923583526,Acetate_Nitoxide
73.20110800_E2D.16,fen,0.07814842873330823,0.07112023151739912,Acetate_Nitoxide
73.20110800_E2D.35,fen,0.0425972781289646,0.04727034359457742,Acetate_Nitoxide
73.20110800_E2D.40,fen,0.08299085362135022,0.07313313739141146,Acetate_Nitoxide
73.20110800_E2D.41,fen,0.0984491132632886,0.07610874979306324,Acetate_Nitoxide
73.20110800_E2D.44,fen,0.14216273818997677,0.10441646858480925,Acetate_Nitoxide
73.20110800_E2D.6,fen,0.08075179164329033,0.07177664449372542,Acetate_Nitoxide
73.20110800_E2D.65,fen,0.05194438002738463,0.05310579176654787,Acetate_Nitoxide
73.20110800_E2D.76,fen,0.11664230864629796,0.0956929131486412,Acetate_Nitoxide
73.20110800_E2M.9,fen,0.12261391859481634,0.09898699310248577,Acetate_Nitoxide
73.20110800_E3D.14,fen,0.07342130943978381,0.06710030516461962,Acetate_Nitoxide
73.20110800_E3D.16,fen,0.16855850111693918,0.13005076803225415,Acetate_Nitoxide
73.20110800_E3D.39,fen,0.052674778155548545,0.05349218126002292,Acetate_Nitoxide
73.20110800_E3D.52,fen,0.0919815032532552,0.06932051773867438,Acetate_Nitoxide
73.20110800_E3D.64,fen,0.08890865460774319,0.07687067834496644,Acetate_Nitoxide
73.20110800_E3D.77,fen,0.1359227277314507,0.10058666182860178,Acetate_Nitoxide
73.20110800_E3M.5,fen,0.12439825550595313,0.1001768628142346,Acetate_Nitoxide
73.20110800_E3M.7,fen,0.04047158476775045,0.046238149296989155,Acetate_Nitoxide
73.20110800_S1D.19,bog,0.0834527162130259,0.0733330802796062,Acetate_Nitoxide
73.20110800_S1M.31,bog,0.062331375288907295,0.059774255387981874,Acetate_Nitoxide
73.20110800_S2M.28,bog,0.052999940513805806,0.053633695809278736,Acetate_Nitoxide
73.20110800_S2M.47,bog,0.08035959510002542,0.07271425161831131,Acetate_Nitoxide
73.20110800_S2M.5,bog,0.06442851613957692,0.06178806954369172,Acetate_Nitoxide
73.20110800_S3D.58,bog,0.07003014486852356,0.06585113317593604,Acetate_Nitoxide
73.20110800_S3D.6,bog,0.06879911598608464,0.06472645223458222,Acetate_Nitoxide
73.20110800_S3M.17,bog,0.07710837915647206,0.06920411896539705,Acetate_Nitoxide
73.20110800_S3M.18,bog,0.06882366995728269,0.06504797511480315,Acetate_Nitoxide
73.20111000_E3D.16,fen,0.09877267306268138,0.08493537157034696,Acetate_Nitoxide
73.20111000_E3D.4,fen,0.05082132960348586,0.05292430565901864,Acetate_Nitoxide
73.20111000_P1D.30,palsa,0.08045139649922131,0.07254944190411802,Acetate_Nitoxide
73.20111000_P1D.8,palsa,0.09198910550747336,0.07384648279191112,Acetate_Nitoxide
73.20111000_P2D.1,palsa,0.07979427556071181,0.07179605747986668,Acetate_Nitoxide
73.20111000_P2D.13,palsa,0.09611929315585535,0.07647235096107473,Acetate_Nitoxide
73.20111000_P2D.43,palsa,0.1100161100803324,0.09228739360071547,Acetate_Nitoxide
73.20111000_P2D.7,palsa,0.07894224206952931,0.07073434362845944,Acetate_Nitoxide
73.20111000_P2M.16,palsa,0.08904761134035158,0.07762588588201251,Acetate_Nitoxide
73.20111000_P2M.5,palsa,0.086980989579448,0.06822733688688731,Acetate_Nitoxide
73.20111000_P3D.24,palsa,0.06807798933971602,0.06374866168060364,Acetate_Nitoxide
73.20111000_P3M.39,palsa,0.0761315912527352,0.06899309316372751,Acetate_Nitoxide
73.20111000_S2M.32,bog,0.09904310350468747,0.07803776531419762,Acetate_Nitoxide
73.20111000_S3D.35,bog,0.11034088489069042,0.08490672060482363,Acetate_Nitoxide
73.20120500_P13.2,palsa,0.07254310510824044,0.06704309388134343,Acetate_Nitoxide
73.20120500_P16.3,palsa,0.07443585579652891,0.06824868084285447,Acetate_Nitoxide
73.20120500_P17.17,palsa,0.0612458697975308,0.058966192497725375,Acetate_Nitoxide
73.20120500_P19.15,palsa,0.10158897429600115,0.08528799957577053,Acetate_Nitoxide
73.20120500_P19.4,palsa,0.09745215982876979,0.08247699254671806,Acetate_Nitoxide
73.20120500_P24.22,palsa,0.09234526839289206,0.07980058142318927,Acetate_Nitoxide
73.20120500_P24.8,palsa,0.07196088419277555,0.060700965115683965,Acetate_Nitoxide
73.20120500_P25.2,palsa,0.07843403306369229,0.07086481064673546,Acetate_Nitoxide
73.20120500_P25.5,palsa,0.1195648045646165,0.09143503682308968,Acetate_Nitoxide
73.20120500_P26.11,palsa,0.09769340303482599,0.0779093825028394,Acetate_Nitoxide
73.20120500_P26.7,palsa,0.0631242853012425,0.06055009891200497,Acetate_Nitoxide
73.20120500_P26.9,palsa,0.08697237382069799,0.07587682013733267,Acetate_Nitoxide
73.20120500_P28.19,palsa,0.050453670569876145,0.05200737721333649,Acetate_Nitoxide
73.20120500_P28.26,palsa,0.09777533448703642,0.08328271797896941,Acetate_Nitoxide
73.20120500_P28.34,palsa,0.07692022020843305,0.06979948272111734,Acetate_Nitoxide
73.20120500_P28.43,palsa,0.09467982288818379,0.0810986100473828,Acetate_Nitoxide
73.20120500_P28.7,palsa,0.057925463574736186,0.05678180787610583,Acetate_Nitoxide
73.20120500_P28.8,palsa,0.1627753863383819,0.11697294803366678,Acetate_Nitoxide
73.20120500_P28.9,palsa,0.08327438903237235,0.06901273751675059,Acetate_Nitoxide
73.20120500_P32.12,palsa,0.12624406142385047,0.10251431084676342,Acetate_Nitoxide
73.20120500_P38.10,palsa,0.12892354719192167,0.09643076825832368,Acetate_Nitoxide
73.20120500_P39.11,palsa,0.12682769602493396,0.09525018769034461,Acetate_Nitoxide
73.20120500_P39.18,palsa,0.05959872497511954,0.05788046678607222,Acetate_Nitoxide
73.20120600_E1D.16,fen,0.037706845019803724,0.04446337307719036,Acetate_Nitoxide
73.20120600_E1D.17,fen,0.051967068614755536,0.05012170124284017,Acetate_Nitoxide
73.20120600_E1D.21,fen,0.03838612548719948,0.0423732455626756,Acetate_Nitoxide
73.20120600_E1D.64,fen,0.04354081981477129,0.04543245241575368,Acetate_Nitoxide
73.20120600_E1D.81,fen,0.06498144363775898,0.057754473981477414,Acetate_Nitoxide
73.20120600_E2D.11,fen,0.040499668061910445,0.04626093670422997,Acetate_Nitoxide
73.20120600_E2D.12,fen,0.12491988877890145,0.10093487275142818,Acetate_Nitoxide
73.20120600_E2D.139,fen,0.08997930238455921,0.07771026545878623,Acetate_Nitoxide
73.20120600_E2D.64,fen,0.047050175875603284,0.0474762124267911,Acetate_Nitoxide
73.20120600_E2D.81,fen,0.10646965693489005,0.08852197329062764,Acetate_Nitoxide
73.20120600_E3D.11,fen,0.10056334064993866,0.08538128439518838,Acetate_Nitoxide
73.20120600_E3D.16,fen,0.04440759704670821,0.04888634146155755,Acetate_Nitoxide
73.20120600_E3D.19,fen,0.04064834371817944,0.043489846511253746,Acetate_Nitoxide
73.20120600_E3D.97,fen,0.0954320962859739,0.08123018488468382,Acetate_Nitoxide
73.20120600_E3M.4,fen,0.11641150878066572,0.0948993904994107,Acetate_Nitoxide
73.20120600_E3S.4,fen,0.10646837849301548,0.08861863759378492,Acetate_Nitoxide
73.20120600_S1D.24,bog,0.07651827571283153,0.06901349616987269,Acetate_Nitoxide
73.20120600_S1D.43,bog,0.09655145202980189,0.08357148131199033,Acetate_Nitoxide
73.20120600_S1D.6,bog,0.07406774728168704,0.06801467452407371,Acetate_Nitoxide
73.20120600_S2M.39,bog,0.0731858142567088,0.06785133754127612,Acetate_Nitoxide
73.20120700_E1D.7,fen,0.11442558064955399,0.09503332718591605,Acetate_Nitoxide
73.20120700_E1D.9,fen,0.06153504833144587,0.055950435649339325,Acetate_Nitoxide
73.20120700_E1X.9,fen,0.13787605518141002,0.11000652266693269,Acetate_Nitoxide
73.20120700_E2X.150,fen,0.07211215845675345,0.06193799043460157,Acetate_Nitoxide
73.20120700_E2X.16,fen,0.03998752224963519,0.04592965506964992,Acetate_Nitoxide
73.20120700_E2X.17,fen,0.050922175276462686,0.04964838830652643,Acetate_Nitoxide
73.20120700_E2X.198,fen,0.07116569206107676,0.06619177296664823,Acetate_Nitoxide
73.20120700_E3M.10,fen,0.036610066635098665,0.04345377762415127,Acetate_Nitoxide
73.20120700_E3M.127,fen,0.03593543700807941,0.040703453831395564,Acetate_Nitoxide
73.20120700_E3M.16,fen,0.05033710460731046,0.0493220511830287,Acetate_Nitoxide
73.20120700_E3M.25,fen,0.04339385302504005,0.04508757366443974,Acetate_Nitoxide
73.20120700_E3M.35,fen,0.053097766245209774,0.050887731620440906,Acetate_Nitoxide
73.20120700_E3X.7,fen,0.06776602441548718,0.063263423386093,Acetate_Nitoxide
73.20120700_P1D.1,palsa,0.07462236868249442,0.06839875160075702,Acetate_Nitoxide
73.20120700_P1D.2,palsa,0.07396593873756199,0.0674680421323591,Acetate_Nitoxide
73.20120700_P1D.9,palsa,0.07016476538874654,0.06138691493257241,Acetate_Nitoxide
73.20120700_P2D.11,palsa,0.06843079667833273,0.0647873498203758,Acetate_Nitoxide
73.20120700_P2D.31,palsa,0.11508656249549366,0.09551079359353128,Acetate_Nitoxide
73.20120700_P2D.6,palsa,0.06786244959876479,0.06408969478734655,Acetate_Nitoxide
73.20120700_P3D.107,palsa,0.046555620231717845,0.050121024468471706,Acetate_Nitoxide
73.20120700_P3D.118,palsa,0.14612435093528775,0.10197376204107843,Acetate_Nitoxide
73.20120700_P3D.123,palsa,0.07638866699187202,0.06154152176296506,Acetate_Nitoxide
73.20120700_P3D.15,palsa,0.07200877298070284,0.06625338930783842,Acetate_Nitoxide
73.20120700_P3D.154,palsa,0.11462984742210638,0.09417633971864356,Acetate_Nitoxide
73.20120700_P3D.179,palsa,0.035945735291870264,0.04292981019431775,Acetate_Nitoxide
73.20120700_P3D.197,palsa,0.07368833404166863,0.06320515282431428,Acetate_Nitoxide
73.20120700_P3D.255,palsa,0.09134474674799285,0.073508942171725,Acetate_Nitoxide
73.20120700_P3D.266,palsa,0.13179669639731986,0.10516526258818695,Acetate_Nitoxide
73.20120700_P3D.283,palsa,0.061767341955440425,0.05998630880704323,Acetate_Nitoxide
73.20120700_P3D.298,palsa,0.09013865295240976,0.07896955192870908,Acetate_Nitoxide
73.20120700_P3D.316,palsa,0.12544290962496416,0.1011345294838417,Acetate_Nitoxide
73.20120700_P3D.333,palsa,0.09697780076239548,0.0822259364331645,Acetate_Nitoxide
73.20120700_P3D.39,palsa,0.1067347826218021,0.0830173249901917,Acetate_Nitoxide
73.20120700_P3D.41,palsa,0.1650655361617972,0.11287344221591039,Acetate_Nitoxide
73.20120700_P3D.53,palsa,0.1408074543718691,0.09779313000251943,Acetate_Nitoxide
73.20120700_P3D.99,palsa,0.05592321370562248,0.05555274042806872,Acetate_Nitoxide
73.20120700_S1D.105,bog,0.10181260302095514,0.0799619530498092,Acetate_Nitoxide
73.20120700_S1D.116,bog,0.08099271469552947,0.07285833497010295,Acetate_Nitoxide
73.20120700_S1D.223,bog,0.07386428425341597,0.06341636813057308,Acetate_Nitoxide
73.20120700_S1D.243,bog,0.070436338012667,0.06606818809684371,Acetate_Nitoxide
73.20120700_S1D.266,bog,0.055940389078372746,0.052700438532203464,Acetate_Nitoxide
73.20120700_S1D.281,bog,0.16341011066571548,0.11396949634025795,Acetate_Nitoxide
73.20120700_S1D.399,bog,0.14702288842230116,0.11611073477173052,Acetate_Nitoxide
73.20120700_S1D.416,bog,0.05489716546032093,0.05488965085771191,Acetate_Nitoxide
73.20120700_S1D.72,bog,0.10344072325418925,0.07883190569946426,Acetate_Nitoxide
73.20120700_S1D.81,bog,0.1077427272470851,0.08342966682700079,Acetate_Nitoxide
73.20120700_S1D.97,bog,0.09921455877995275,0.0751570756692425,Acetate_Nitoxide
73.20120700_S1X.20,bog,0.07811581040056852,0.06997517827561892,Acetate_Nitoxide
73.20120700_S2X.22,bog,0.0724424864525836,0.0663531972180237,Acetate_Nitoxide
73.20120700_S3D.16,bog,0.08463962946806594,0.07470881162811599,Acetate_Nitoxide
73.20120700_S3D.38,bog,0.06259093959664246,0.05981386303061612,Acetate_Nitoxide
73.20120700_S3D.5,bog,0.1245526821579158,0.0936390297540261,Acetate_Nitoxide
73.20120700_S3X.17,bog,0.07593609170500916,0.06867668029946145,Acetate_Nitoxide
73.20120700_S3X.21,bog,0.094530639204428,0.07577150699704331,Acetate_Nitoxide
73.20120700_S3X.5,bog,0.13175990524832967,0.09804595911577212,Acetate_Nitoxide
73.20120800_E1D.12,fen,0.07039692418709688,0.06499194840484025,Acetate_Nitoxide
73.20120800_E1D.22,fen,0.06834711016918012,0.0646781143235337,Acetate_Nitoxide
73.20120800_E1D.6,fen,0.11206984469175986,0.09348696419505101,Acetate_Nitoxide
73.20120800_E1D.7,fen,0.05812769469639282,0.05392919009559594,Acetate_Nitoxide
73.20120800_E1X.13,fen,0.12137601576361802,0.09902952990323798,Acetate_Nitoxide
73.20120800_E1X.35,fen,0.0677655258628837,0.06320473178280722,Acetate_Nitoxide
73.20120800_E2D.29,fen,0.12520380129577638,0.10254035536332812,Acetate_Nitoxide
73.20120800_E2D.7,fen,0.11508176133366087,0.09531585765032045,Acetate_Nitoxide
73.20120800_E2X.11,fen,0.16042247353775663,0.12444993524658975,Acetate_Nitoxide
73.20120800_E2X.46,fen,0.08890968257172091,0.07699907851017893,Acetate_Nitoxide
73.20120800_E2X.54,fen,0.14670232990959536,0.10673417078642562,Acetate_Nitoxide
73.20120800_E2X.55,fen,0.07470168141106667,0.06762545576881691,Acetate_Nitoxide
73.20120800_E3D.18,fen,0.13757794954376149,0.11090945983991475,Acetate_Nitoxide
73.20120800_E3D.23,fen,0.058549142262885344,0.05720640641919161,Acetate_Nitoxide
73.20120800_E3D.4,fen,0.11575308531475433,0.09591520080840833,Acetate_Nitoxide
73.20120800_E3S.44,fen,0.10501966964712862,0.08931889487829443,Acetate_Nitoxide
73.20120800_E3S.45,fen,0.05786969915050972,0.056767934082837056,Acetate_Nitoxide
73.20120800_E3X.47,fen,0.049452165993920695,0.051371805133660166,Acetate_Nitoxide
73.20120800_E3X.5,fen,0.07999630729215683,0.07130242970637223,Acetate_Nitoxide
73.20120800_E3X.7,fen,0.16085355648512598,0.12467160677511677,Acetate_Nitoxide
73.20120800_P1D.7,palsa,0.10923430960554732,0.0840747221526593,Acetate_Nitoxide
73.20120800_S1D.27,bog,0.06626462248507077,0.0622196707774447,Acetate_Nitoxide
73.20120800_S1M.32,bog,0.11082589605577492,0.0852917788634295,Acetate_Nitoxide
73.20120800_S2D.10,bog,0.09558974302110369,0.0819071690064498,Acetate_Nitoxide
73.20120800_S2M.12,bog,0.07711344657927481,0.06969322759108003,Acetate_Nitoxide
73.20120800_S2X.3,bog,0.10303181647203109,0.08797083217693899,Acetate_Nitoxide
73.20120800_S2X.4,bog,0.06009440704978134,0.058903910559859655,Acetate_Nitoxide
73.20110700_P1D.11,palsa,0.25028404689648,0.6027106374833437,Glucose_Nitrous
73.20110700_P1D.19,palsa,0.34711872209458594,0.7949447740475777,Glucose_Nitrous
73.20110700_P1D.9,palsa,0.2591738361326933,0.619111928121871,Glucose_Nitrous
73.20110700_P2D.48,palsa,0.23077624864711052,0.5547942395523017,Glucose_Nitrous
73.20110700_P2D.50,palsa,0.21177335322586688,0.515771225231893,Glucose_Nitrous
73.20110800_P1D.10,palsa,0.23768930588024417,0.5744387322364726,Glucose_Nitrous
73.20110800_P1D.12,palsa,0.2535480859610467,0.6093409522024327,Glucose_Nitrous
73.20110800_P1D.22,palsa,0.3370834303666053,0.7746466071050161,Glucose_Nitrous
73.20110800_P1D.52,palsa,0.35507098001843884,0.7938618338978304,Glucose_Nitrous
73.20110800_P1D.8,palsa,0.2010752547643725,0.49886320273799223,Glucose_Nitrous
73.20110800_P1M.22,palsa,0.29011270917660914,0.6770719468495437,Glucose_Nitrous
73.20110800_P1M.39,palsa,0.3346634846172089,0.761821391039037,Glucose_Nitrous
73.20110800_P1M.8,palsa,0.21307496753685085,0.522986791296318,Glucose_Nitrous
73.20110800_P1M.9,palsa,0.22485652454744257,0.5480473707765043,Glucose_Nitrous
73.20111000_P1D.32,palsa,0.44295706277436653,0.9977099521512823,Glucose_Nitrous
73.20111000_P1M.8,palsa,0.25992895185466564,0.613848348621347,Glucose_Nitrous
73.20111000_P3D.11,palsa,0.2181188878479638,0.5319504172060384,Glucose_Nitrous
73.20111000_P3D.13,palsa,0.2666990037665386,0.6379313756783298,Glucose_Nitrous
73.20111000_P3D.21,palsa,0.3239699618034069,0.7471360949481867,Glucose_Nitrous
73.20111000_P3M.16,palsa,0.27592385995223107,0.6479131198565206,Glucose_Nitrous
73.20111000_P3M.20,palsa,0.2354507749078529,0.5700716042126847,Glucose_Nitrous
73.20120500_P16.21,palsa,0.13425043987129523,0.36163858790998277,Glucose_Nitrous
73.20120500_P28.34,palsa,0.22486126526784725,0.5489988800020912,Glucose_Nitrous
73.20120500_P28.8,palsa,0.4420884603593557,0.9810729891507477,Glucose_Nitrous
73.20120500_P35.6,palsa,0.2587989369892973,0.6201115336941803,Glucose_Nitrous
73.20120500_P35.9,palsa,0.2990418771540017,0.6955748059059181,Glucose_Nitrous
73.20120500_P36.10,palsa,0.2807968976114969,0.6578968701268618,Glucose_Nitrous
73.20120500_P37.4,palsa,0.2675001617148745,0.6370299603479621,Glucose_Nitrous
73.20120500_P37.5,palsa,0.2412932409351686,0.5811227079634647,Glucose_Nitrous
73.20120500_P38.6,palsa,0.2940138841540074,0.6846122417564255,Glucose_Nitrous
73.20120700_E1X.16,fen,0.32823402376921273,0.7608171671757029,Glucose_Nitrous
73.20120700_P3D.239,palsa,0.21104801163653877,0.5230941750763881,Glucose_Nitrous
73.20120700_P3D.248,palsa,0.32674880120374405,0.7520805232641276,Glucose_Nitrous
73.20120700_P3D.339,palsa,0.2631416818338766,0.6158731194334329,Glucose_Nitrous
73.20120700_P3D.34,palsa,0.23833628374151897,0.5755876765791808,Glucose_Nitrous
73.20120700_P3D.99,palsa,0.1634772239726952,0.4185092404609845,Glucose_Nitrous
73.20120800_S2D.22,bog,0.2704357656808776,0.6486356020087186,Glucose_Nitrous
73.20110700_P1D.11,palsa,0.14374970375891363,0.2529294583555088,Glucose_Nitrous
73.20110700_P1D.19,palsa,0.19935505537912848,0.3406028361305492,Glucose_Nitrous
73.20110700_P1D.9,palsa,0.14885369041479907,0.2604096935304375,Glucose_Nitrous
73.20110700_P2D.48,palsa,0.13254377236398415,0.23107593882713062,Glucose_Nitrous
73.20110700_P2D.50,palsa,0.12163042607525394,0.21327847820134413,Glucose_Nitrous
73.20110800_P1D.10,palsa,0.13651544283016384,0.2400353206470335,Glucose_Nitrous
73.20110800_P1D.12,palsa,0.14562406196352798,0.2559533858302206,Glucose_Nitrous
73.20110800_P1D.22,palsa,0.1935924451675356,0.33134532916377063,Glucose_Nitrous
73.20110800_P1D.52,palsa,0.21512811146637828,0.3401089331091947,Glucose_Nitrous
73.20110800_P1D.8,palsa,0.11548818480264773,0.20556713478424338,Glucose_Nitrous
73.20110800_P1M.22,palsa,0.16661931450256448,0.2868438675464647,Glucose_Nitrous
73.20110800_P1M.39,palsa,0.20049249728199792,0.3254960558073532,Glucose_Nitrous
73.20110800_P1M.8,palsa,0.12237931972690638,0.2165693247738295,Glucose_Nitrous
73.20110800_P1M.9,palsa,0.12914578563829185,0.22799885384341634,Glucose_Nitrous
73.20111000_P1D.32,palsa,0.2543875816101984,0.43307916930027895,Glucose_Nitrous
73.20111000_P1M.8,palsa,0.14928553892282698,0.2580091011994069,Glucose_Nitrous
73.20111000_P3D.11,palsa,0.12527546862524658,0.22065741950384374,Glucose_Nitrous
73.20111000_P3D.13,palsa,0.15317723261855062,0.2689927920613461,Glucose_Nitrous
73.20111000_P3D.21,palsa,0.1860620477690359,0.31879844457699186,Glucose_Nitrous
73.20111000_P3M.16,palsa,0.15847115386109037,0.27354522610781384,Glucose_Nitrous
73.20111000_P3M.20,palsa,0.13523001927202558,0.23804357832766881,Glucose_Nitrous
73.20120500_P16.21,palsa,0.07710924903905331,0.14298228013315278,Glucose_Nitrous
73.20120500_P28.34,palsa,0.1291490692744197,0.22843281437343588,Glucose_Nitrous
73.20120500_P28.8,palsa,0.26138358786446614,0.42549144961508234,Glucose_Nitrous
73.20120500_P35.6,palsa,0.14863940496127592,0.26086558965031226,Glucose_Nitrous
73.20120500_P35.9,palsa,0.1717469979902303,0.295282577657797,Glucose_Nitrous
73.20120500_P36.10,palsa,0.16126957515421383,0.278098575084783,Glucose_Nitrous
73.20120500_P37.4,palsa,0.1536356017094734,0.2685816781551273,Glucose_Nitrous
73.20120500_P37.5,palsa,0.13858478120418385,0.24308372162006228,Glucose_Nitrous
73.20120500_P38.6,palsa,0.16885954274102732,0.2902828151533865,Glucose_Nitrous
73.20120700_E1X.16,fen,0.18851160052660265,0.3250380533957401,Glucose_Nitrous
73.20120700_P3D.239,palsa,0.12121874243939695,0.21661829993966253,Glucose_Nitrous
73.20120700_P3D.248,palsa,0.19330186945105365,0.32105347970952786,Glucose_Nitrous
73.20120700_P3D.339,palsa,0.15770933134352633,0.25893255059028325,Glucose_Nitrous
73.20120700_P3D.34,palsa,0.13688690137074913,0.2405593265972831,Glucose_Nitrous
73.20120700_P3D.99,palsa,0.09389389429953424,0.168919620371113,Glucose_Nitrous
73.20120800_S2D.22,bog,0.15532626277166967,0.27387473288427655,Glucose_Nitrous
